MetricID,Page,Group,Metric,OriginalStatus,FinalStatus,ChangeType,Phase,Note
MAIN-0001,Main Hub,Filters bar,Social Platform,LIVE,LIVE,unchanged,,
MAIN-0002,Main Hub,Filters bar,Acquisition Source,LIVE,LIVE,unchanged,,
MAIN-0003,Main Hub,Filters bar,Webinar,LIVE,LIVE,unchanged,,
MAIN-0004,Main Hub,Cash hero,Cash Collected,LIVE,LIVE,unchanged,,
MAIN-0005,Main Hub,Cash hero,Revenue Generated,LIVE,LIVE,unchanged,,
MAIN-0006,Main Hub,Cash hero,Cash collected rate,LIVE,LIVE,unchanged,,
MAIN-0007,Main Hub,Cash hero,Pace .../day,LIVE,LIVE,unchanged,,
MAIN-0008,Main Hub,Month-end pace,Projected close,LIVE,LIVE,unchanged,,
MAIN-0009,Main Hub,Month-end pace,Collected so far,LIVE,LIVE,unchanged,,
MAIN-0010,Main Hub,Month-end pace,Per day,LIVE,LIVE,unchanged,,
MAIN-0011,Main Hub,Month-end pace,Target status (No Target/Insufficient Data/Ahead/On Pace/Behind/At Risk),LIVE,LIVE,unchanged,,
MAIN-0012,Main Hub,Executive KPI row,Total Cash Collected,LIVE,LIVE,unchanged,,
MAIN-0013,Main Hub,Executive KPI row,Total Revenue Generated,LIVE,LIVE,unchanged,,
MAIN-0014,Main Hub,Executive KPI row,MRR — Low Ticket,NOT AVAILABLE,NOT AVAILABLE,unchanged,,
MAIN-0015,Main Hub,Executive KPI row,Low Ticket Active,LIVE,LIVE,unchanged,,
MAIN-0016,Main Hub,Executive KPI row,High Ticket Active,LIVE,LIVE,unchanged,,
MAIN-0017,Main Hub,Company KPIs,New Leads,LIVE,LIVE,unchanged,,
MAIN-0018,Main Hub,Company KPIs,Total Views,LIVE,LIVE,unchanged,,
MAIN-0019,Main Hub,Paid Ad Performance,Ad Cash Collected,PARTIALLY CONNECTED,PARTIALLY CONNECTED,unchanged,,
MAIN-0020,Main Hub,Paid Ad Performance,Ad Total Revenue,PARTIALLY CONNECTED,PARTIALLY CONNECTED,unchanged,,
MAIN-0021,Main Hub,Paid Ad Performance,Ad Spend,PARTIALLY CONNECTED,PARTIALLY CONNECTED,unchanged,,
MAIN-0022,Main Hub,Paid Ad Performance,ROAS,PARTIALLY CONNECTED,PARTIALLY CONNECTED,metadata-only,Phase 1/4 (Unit/Classification correction),
MAIN-0023,Main Hub,Traffic → VSL,VSL Page Visits,PARTIALLY CONNECTED,PARTIALLY CONNECTED,unchanged,,
MAIN-0024,Main Hub,Traffic → VSL,VSL Plays,PARTIALLY CONNECTED,PARTIALLY CONNECTED,unchanged,,
MAIN-0025,Main Hub,Traffic → VSL,Unique Viewers,PARTIALLY CONNECTED,PARTIALLY CONNECTED,unchanged,,
MAIN-0026,Main Hub,Traffic → VSL,Engagement Rate,PARTIALLY CONNECTED,PARTIALLY CONNECTED,unchanged,,
MAIN-0027,Main Hub,Traffic → VSL,Play Rate,PARTIALLY CONNECTED,PARTIALLY CONNECTED,unchanged,,
MAIN-0028,Main Hub,Applications,Applications Submitted,LIVE,LIVE,unchanged,,
MAIN-0029,Main Hub,Applications,Completion Rate,LIVE,LIVE,unchanged,,
MAIN-0030,Main Hub,Applications,Application Quality,LIVE,LIVE,unchanged,,
MAIN-0031,Main Hub,Applications,Pre-call Vids Watched,LIVE,LIVE,unchanged,,
MAIN-0032,Main Hub,Applications,Application → Booked Call Rate,LIVE,LIVE,unchanged,,
MAIN-0033,Main Hub,Operating Rates,Play Rate,PARTIALLY CONNECTED,PARTIALLY CONNECTED,unchanged,,
MAIN-0034,Main Hub,Operating Rates,App → Booked,LIVE,LIVE,unchanged,,
MAIN-0035,Main Hub,Operating Rates,Qualified Convo Rate,LIVE,LIVE,unchanged,,
MAIN-0036,Main Hub,Operating Rates,Pick-up Rate,LIVE,LIVE,unchanged,,
MAIN-0037,Main Hub,Operating Rates,Show Rate,LIVE,LIVE,unchanged,,
MAIN-0038,Main Hub,Operating Rates,Close Rate (on show),LIVE,LIVE,unchanged,,
MAIN-0039,Main Hub,Rep Efficiency & Inbound Velocity,New inbound leads,LIVE,LIVE,unchanged,,
MAIN-0040,Main Hub,Rep Efficiency & Inbound Velocity,Qualified convos,LIVE,LIVE,unchanged,,
MAIN-0041,Main Hub,Rep Efficiency & Inbound Velocity,Links sent,LIVE,LIVE,unchanged,,
MAIN-0042,Main Hub,Rep Efficiency & Inbound Velocity,Avg first response time,PLACEHOLDER,PLACEHOLDER,unchanged,,
MAIN-0043,Main Hub,Rep Efficiency & Inbound Velocity,Convo-to-link sent rate,LIVE,LIVE,unchanged,,
MAIN-0044,Main Hub,Rep Efficiency & Inbound Velocity,Daily inbound volume pace,LIVE,LIVE,unchanged,,
MAIN-0045,Main Hub,Rep Efficiency & Inbound Velocity,Top inbound setter,NOT AVAILABLE,LIVE,status-changed,Phase 1/2/2b,
MAIN-0046,Main Hub,Client Momentum,Active Clients,LIVE,LIVE,unchanged,,
MAIN-0047,Main Hub,Client Momentum,Client Health,PARTIALLY CONNECTED,LIVE,status-changed,Phase 1/2/2b,
MAIN-0048,Main Hub,Client Momentum,Daily W Logs,LIVE,LIVE,unchanged,,
MAIN-0049,Main Hub,Client Momentum,Financial Wins,LIVE,LIVE,unchanged,,
MAIN-0050,Main Hub,Client Momentum,Student Cash Logged,LIVE,LIVE,unchanged,,
MAIN-0051,Main Hub,Client Momentum,Avg Energy,LIVE,LIVE,unchanged,,
MAIN-0052,Main Hub,Content attribution (Level 3),Revenue by Source (by platform),LIVE,LIVE,unchanged,,
MAIN-0053,Main Hub,Content attribution (Level 3),confidence,LIVE,LIVE,unchanged,,
MAIN-0054,Main Hub,Content attribution (Level 3),closes,LIVE,LIVE,unchanged,,
MAIN-0055,Main Hub,Content attribution (Level 3),rev,LIVE,LIVE,unchanged,,
MAIN-0056,Main Hub,Content attribution (Level 3),cash,LIVE,LIVE,unchanged,,
MAIN-0057,Main Hub,Content attribution (Level 3),Content table — Views,LIVE,LIVE,unchanged,,
MAIN-0058,Main Hub,Content attribution (Level 3),Leads,LIVE,LIVE,unchanged,,
MAIN-0059,Main Hub,Content attribution (Level 3),Booked,LIVE,LIVE,unchanged,,
MAIN-0060,Main Hub,Content attribution (Level 3),Shows,LIVE,LIVE,unchanged,,
MAIN-0061,Main Hub,Content attribution (Level 3),Closes,LIVE,LIVE,unchanged,,
MAIN-0062,Main Hub,Content attribution (Level 3),Cash,LIVE,LIVE,unchanged,,
MAIN-0063,Main Hub,Content attribution (Level 3),Revenue,LIVE,LIVE,unchanged,,
MAIN-0064,Main Hub,Funnel diagnostic (Level 4),Views,LIVE,LIVE,unchanged,,
MAIN-0065,Main Hub,Funnel diagnostic (Level 4),Leads,LIVE,LIVE,unchanged,,
MAIN-0066,Main Hub,Funnel diagnostic (Level 4),Booked,LIVE,LIVE,unchanged,,
MAIN-0067,Main Hub,Funnel diagnostic (Level 4),Showed,LIVE,LIVE,unchanged,,
MAIN-0068,Main Hub,Funnel diagnostic (Level 4),Offers,LIVE,LIVE,unchanged,,
MAIN-0069,Main Hub,Funnel diagnostic (Level 4),Disqualified,LIVE,LIVE,unchanged,,
MAIN-0070,Main Hub,Funnel diagnostic (Level 4),Closed,LIVE,LIVE,unchanged,,
MAIN-0071,Main Hub,Funnel diagnostic (Level 4),Largest funnel leak,LIVE,LIVE,unchanged,,
MAIN-0072,Main Hub,Executive insights,at-risk/behind-pace flags,LIVE,LIVE,unchanged,,
MAIN-0073,Main Hub,Team efficiency,Top closers (Closes),LIVE,LIVE,unchanged,,
MAIN-0074,Main Hub,Team efficiency,Cash Collected,LIVE,LIVE,unchanged,,
MAIN-0075,Main Hub,Team efficiency,Revenue Generated,LIVE,LIVE,unchanged,,
MAIN-0076,Main Hub,Team efficiency,Top setters (Sets),LIVE,LIVE,unchanged,,
MAIN-0077,Main Hub,Team efficiency,Cash Collected,LIVE,LIVE,unchanged,,
MAIN-0078,Main Hub,Team efficiency,Revenue Generated,LIVE,LIVE,unchanged,,
ADMI-0798,Admin → Home,Admin,Cash Collected,LIVE,LIVE,unchanged,,
ADMI-0799,Admin → Home,Admin,Closes,LIVE,LIVE,unchanged,,
ADMI-0800,Admin → Home,Admin,Active Mentees,LIVE,LIVE,unchanged,,
ADMI-0801,Admin → Home,Admin,overdue-installment/renewal-risk alerts,LIVE,LIVE,unchanged,,
ADMI-0802,Admin → Home,Admin,Calls Today,LIVE,LIVE,unchanged,,
ADMI-0803,Admin → Home,Admin,Hiring Needs Grading,LIVE,LIVE,unchanged,,
ADMI-0804,Admin → Home,Admin,Hiring Interview-Worthy,LIVE,LIVE,unchanged,,
ADMI-0805,Admin → Home,Admin,at-risk renewals,LIVE,LIVE,unchanged,,
ADMI-0806,Admin → Home,Closer,Calls on Calendar,LIVE,LIVE,unchanged,,
ADMI-0807,Admin → Home,Closer,no-show/awaiting-payment alerts,LIVE,LIVE,unchanged,,
ADMI-0808,Admin → Home,Closer,Booked,LIVE,LIVE,unchanged,,
ADMI-0809,Admin → Home,Closer,Showed,LIVE,LIVE,unchanged,,
ADMI-0810,Admin → Home,Closer,Offers,LIVE,LIVE,unchanged,,
ADMI-0811,Admin → Home,Closer,Closes,LIVE,LIVE,unchanged,,
ADMI-0812,Admin → Home,Closer,Cash,LIVE,LIVE,unchanged,,
ADMI-0813,Admin → Home,Manager,Calls Booked,LIVE,LIVE,unchanged,,
ADMI-0814,Admin → Home,Manager,Showed,LIVE,LIVE,unchanged,,
ADMI-0815,Admin → Home,Manager,Offers,LIVE,LIVE,unchanged,,
ADMI-0816,Admin → Home,Manager,Closes,LIVE,LIVE,unchanged,,
ADMI-0817,Admin → Home,Manager,Cash Collected,LIVE,LIVE,unchanged,,
ADMI-0818,Admin → Home,Manager,Closer Performance table,LIVE,LIVE,unchanged,,
ADMI-0819,Admin → Home,DM Setter,DMs Sent,LIVE,LIVE,unchanged,,
ADMI-0820,Admin → Home,DM Setter,Replies,LIVE,LIVE,unchanged,,
ADMI-0821,Admin → Home,DM Setter,Qualified,LIVE,LIVE,unchanged,,
ADMI-0822,Admin → Home,DM Setter,Sets,LIVE,LIVE,unchanged,,
ADMI-0823,Admin → Home,DM Setter,Booked,LIVE,LIVE,unchanged,,
ADMI-0824,Admin → Home,Inbound Dialer,Dials,LIVE,LIVE,unchanged,,
ADMI-0825,Admin → Home,Inbound Dialer,Connections,LIVE,LIVE,unchanged,,
ADMI-0826,Admin → Home,Inbound Dialer,Qualified,LIVE,LIVE,unchanged,,
ADMI-0827,Admin → Home,Inbound Dialer,Booked,LIVE,LIVE,unchanged,,
ADMI-0828,Admin → Home,Inbound Dialer,SLA breaches,LIVE,LIVE,unchanged,,
ADMI-0829,Admin → Home,Inbound Dialer,callbacks,LIVE,LIVE,unchanged,,
ADMI-0830,Admin → Home,Growth,Leads Generated,LIVE,LIVE,unchanged,,
ADMI-0831,Admin → Home,Growth,Paid Leads,LIVE,LIVE,unchanged,,
ADMI-0832,Admin → Home,Growth,Organic Leads,LIVE,LIVE,unchanged,,
ADMI-0833,Admin → Home,Growth,high-reach/no-lead content flags,LIVE,LIVE,unchanged,,
ADMI-0834,Admin → Home,Growth,tracked webinars,LIVE,LIVE,unchanged,,
SALE-0079,Sales Tracking → Leads,Hero pills,Total leads,LIVE,LIVE,unchanged,,
SALE-0080,Sales Tracking → Leads,Hero pills,Diamond,LIVE,LIVE,unchanged,,
SALE-0081,Sales Tracking → Leads,Hero pills,Awaiting show,LIVE,LIVE,unchanged,,
SALE-0082,Sales Tracking → Leads,Pipeline chart,Leads by Pipeline Stage,LIVE,LIVE,unchanged,,
SALE-0083,Sales Tracking → Leads,Stat row,Total leads,LIVE,LIVE,unchanged,,
SALE-0084,Sales Tracking → Leads,Stat row,Available to call,LIVE,LIVE,unchanged,,
SALE-0085,Sales Tracking → Leads,Stat row,Call booked,LIVE,LIVE,unchanged,,
SALE-0086,Sales Tracking → Leads,Stat row,Closed,LIVE,LIVE,unchanged,,
SALE-0087,Sales Tracking → Leads,Stat row,Diamond leads,LIVE,LIVE,unchanged,,
SALE-0088,Sales Tracking → Leads,Lead AI Insights,Bottlenecks,PARTIALLY CONNECTED,PARTIALLY CONNECTED,unchanged,,
SALE-0089,Sales Tracking → Leads,Lead AI Insights,Double down,PARTIALLY CONNECTED,PARTIALLY CONNECTED,unchanged,,
SALE-0090,Sales Tracking → Leads,Lead AI Insights,Priority leads,PARTIALLY CONNECTED,PARTIALLY CONNECTED,unchanged,,
SALE-0091,Sales Tracking → Leads,Table columns,Date/Time,LIVE,LIVE,unchanged,,
SALE-0092,Sales Tracking → Leads,Table columns,Diamond flag,LIVE,LIVE,unchanged,,
SALE-0093,Sales Tracking → Leads,Table columns,Name,LIVE,LIVE,unchanged,,
SALE-0094,Sales Tracking → Leads,Table columns,Stage,LIVE,LIVE,unchanged,,
SALE-0095,Sales Tracking → Leads,Table columns,Lead Status,LIVE,LIVE,unchanged,,
SALE-0096,Sales Tracking → Leads,Table columns,Pre-call vid,LIVE,LIVE,unchanged,,
SALE-0097,Sales Tracking → Leads,Table columns,Qualification,LIVE,LIVE,unchanged,,
SALE-0098,Sales Tracking → Leads,Table columns,Experience,LIVE,LIVE,unchanged,,
SALE-0099,Sales Tracking → Leads,Table columns,Work/School,LIVE,LIVE,unchanged,,
SALE-0100,Sales Tracking → Leads,Table columns,Focus,LIVE,LIVE,unchanged,,
SALE-0101,Sales Tracking → Leads,Table columns,Goal,LIVE,LIVE,unchanged,,
SALE-0102,Sales Tracking → Leads,Table columns,Candidate Fit,LIVE,LIVE,unchanged,,
SALE-0103,Sales Tracking → Leads,Table columns,Serious,LIVE,LIVE,unchanged,,
SALE-0104,Sales Tracking → Leads,Table columns,Time,LIVE,LIVE,unchanged,,
SALE-0105,Sales Tracking → Leads,Table columns,Income,LIVE,LIVE,unchanged,,
SALE-0106,Sales Tracking → Leads,Table columns,Capital,LIVE,LIVE,unchanged,,
SALE-0107,Sales Tracking → Leads,Table columns,Credit,LIVE,LIVE,unchanged,,
SALE-0108,Sales Tracking → Leads,Table columns,Commit,LIVE,LIVE,unchanged,,
SALE-0109,Sales Tracking → Leads,Table columns,Email,LIVE,LIVE,unchanged,,
SALE-0110,Sales Tracking → Leads,Table columns,Setter,LIVE,LIVE,unchanged,,
SALE-0111,Sales Tracking → Leads,Table columns,Closer,LIVE,LIVE,correctness-fix,Phase 1/2,
SALE-0112,Sales Tracking → Leads,Table columns,Phone,LIVE,LIVE,unchanged,,
SALE-0113,Sales Tracking → Leads,Table columns,Handle,LIVE,LIVE,unchanged,,
SALE-0114,Sales Tracking → Leads,Lead detail,Stage,LIVE,LIVE,unchanged,,
SALE-0115,Sales Tracking → Leads,Lead detail,Source,LIVE,LIVE,unchanged,,
SALE-0116,Sales Tracking → Leads,Lead detail,Assigned setter,LIVE,LIVE,unchanged,,
SALE-0117,Sales Tracking → Leads,Lead detail,Assigned closer,LIVE,LIVE,unchanged,,
SALE-0118,Sales Tracking → Leads,Lead detail,Lead age,LIVE,LIVE,unchanged,,
SALE-0119,Sales Tracking → Leads,Lead detail,Calls on record,LIVE,LIVE,unchanged,,
SALE-0120,Sales Tracking → Leads,Lead detail,Availability,LIVE,LIVE,unchanged,,
SALE-0121,Sales Tracking → Leads,Lead detail,Content touches,LIVE,LIVE,unchanged,,
SALE-0122,Sales Tracking → Leads,Lead detail,Conversations,LIVE,LIVE,unchanged,,
SALE-0123,Sales Tracking → Leads,Lead detail,Content path,LIVE,LIVE,unchanged,,
SALE-0124,Sales Tracking → Leads,Lead detail,Calls,LIVE,LIVE,unchanged,,
SALE-0125,Sales Tracking → EOD Reports,DM Setter EOD fields,Inbound DMs Sent,LIVE,LIVE,unchanged,,
SALE-0126,Sales Tracking → EOD Reports,DM Setter EOD fields,Outbound DMs Sent,LIVE,LIVE,unchanged,,
SALE-0127,Sales Tracking → EOD Reports,DM Setter EOD fields,Replies,LIVE,LIVE,unchanged,,
SALE-0128,Sales Tracking → EOD Reports,DM Setter EOD fields,Leads Contacted,LIVE,LIVE,unchanged,,
SALE-0129,Sales Tracking → EOD Reports,DM Setter EOD fields,Qualified Convos,LIVE,LIVE,unchanged,,
SALE-0130,Sales Tracking → EOD Reports,DM Setter EOD fields,Follow-ups,LIVE,LIVE,unchanged,,
SALE-0131,Sales Tracking → EOD Reports,DM Setter EOD fields,VSL Page Links Sent,LIVE,LIVE,unchanged,,
SALE-0132,Sales Tracking → EOD Reports,DM Setter EOD fields,VSL Page Links Clicked,LIVE,LIVE,unchanged,,
SALE-0133,Sales Tracking → EOD Reports,DM Setter EOD fields,Sets,LIVE,LIVE,unchanged,,
SALE-0134,Sales Tracking → EOD Reports,DM Setter EOD fields,Calls On Calendar,LIVE,LIVE,unchanged,,
SALE-0135,Sales Tracking → EOD Reports,DM Setter EOD fields,Live Calls,LIVE,LIVE,unchanged,,
SALE-0136,Sales Tracking → EOD Reports,DM Setter EOD fields,Closes,LIVE,LIVE,unchanged,,
SALE-0137,Sales Tracking → EOD Reports,DM Setter EOD fields,Downsells,LIVE,LIVE,unchanged,,
SALE-0138,Sales Tracking → EOD Reports,DM Setter EOD fields,Cash Collected,LIVE,LIVE,unchanged,,
SALE-0139,Sales Tracking → EOD Reports,DM Setter EOD fields,Total Revenue,LIVE,LIVE,unchanged,,
SALE-0140,Sales Tracking → EOD Reports,DM Setter EOD fields,Rate Today,LIVE,LIVE,unchanged,,
SALE-0141,Sales Tracking → EOD Reports,DM Setter EOD fields,Objections,LIVE,LIVE,unchanged,,
SALE-0142,Sales Tracking → EOD Reports,Dialer EOD fields,Dials,LIVE,LIVE,unchanged,,
SALE-0143,Sales Tracking → EOD Reports,Dialer EOD fields,Connections,LIVE,LIVE,unchanged,,
SALE-0144,Sales Tracking → EOD Reports,Dialer EOD fields,Qualified Convos,LIVE,LIVE,unchanged,,
SALE-0145,Sales Tracking → EOD Reports,Dialer EOD fields,Sets,LIVE,LIVE,unchanged,,
SALE-0146,Sales Tracking → EOD Reports,Dialer EOD fields,Calls On Calendar,LIVE,LIVE,unchanged,,
SALE-0147,Sales Tracking → EOD Reports,Dialer EOD fields,Live Calls,LIVE,LIVE,unchanged,,
SALE-0148,Sales Tracking → EOD Reports,Dialer EOD fields,Closes,LIVE,LIVE,unchanged,,
SALE-0149,Sales Tracking → EOD Reports,Dialer EOD fields,Downsells,LIVE,LIVE,unchanged,,
SALE-0150,Sales Tracking → EOD Reports,Dialer EOD fields,Cash Collected,LIVE,LIVE,unchanged,,
SALE-0151,Sales Tracking → EOD Reports,Dialer EOD fields,Total Revenue,LIVE,LIVE,unchanged,,
SALE-0152,Sales Tracking → EOD Reports,Dialer EOD fields,Rate Today,LIVE,LIVE,unchanged,,
SALE-0153,Sales Tracking → EOD Reports,Dialer EOD fields,Objections,LIVE,LIVE,unchanged,,
SALE-0154,Sales Tracking → EOD Reports,Closer Post-Call fields,Lead Status,LIVE,LIVE,unchanged,,
SALE-0155,Sales Tracking → EOD Reports,Closer Post-Call fields,Cash Collected,LIVE,LIVE,unchanged,,
SALE-0156,Sales Tracking → EOD Reports,Closer Post-Call fields,Total Revenue,LIVE,LIVE,unchanged,,
SALE-0157,Sales Tracking → EOD Reports,Closer Post-Call fields,Offer,LIVE,LIVE,unchanged,,
SALE-0158,Sales Tracking → EOD Reports,Closer Post-Call fields,Call Summary,LIVE,LIVE,unchanged,,
SALE-0159,Sales Tracking → Team,Team Snapshot,Team Members,LIVE,LIVE,unchanged,,
SALE-0160,Sales Tracking → Team,Team Snapshot,Setters,LIVE,LIVE,unchanged,,
SALE-0161,Sales Tracking → Team,Team Snapshot,Dialers,LIVE,LIVE,unchanged,,
SALE-0162,Sales Tracking → Team,Team Snapshot,Closers,LIVE,LIVE,unchanged,,
SALE-0163,Sales Tracking → Team,Team Snapshot,Booked (30D),LIVE,LIVE,correctness-fix,Phase 1/2,
SALE-0164,Sales Tracking → Team,Team Snapshot,Show Rate,LIVE,LIVE,correctness-fix,Phase 1/2,
SALE-0165,Sales Tracking → Team,Team Snapshot,Cash Collected (30D),LIVE,LIVE,correctness-fix,Phase 1/2,
SALE-0166,Sales Tracking → Team,Performance — leaderboards,Closes,LIVE,LIVE,unchanged,,
SALE-0167,Sales Tracking → Team,Performance — leaderboards,Cash Collected,LIVE,LIVE,unchanged,,
SALE-0168,Sales Tracking → Team,Performance — leaderboards,Sets,LIVE,LIVE,unchanged,,
SALE-0169,Sales Tracking → Team,Performance — targets,Rep KPI targets (Actual),LIVE,LIVE,unchanged,,
SALE-0170,Sales Tracking → Team,Performance — targets,Target,LIVE,LIVE,unchanged,,
SALE-0171,Sales Tracking → Team,Performance — targets,Variance,LIVE,LIVE,unchanged,,
SALE-0172,Sales Tracking → Team,Performance — targets,% to Goal,LIVE,LIVE,unchanged,,
SALE-0173,Sales Tracking → Team,Performance — targets,Status),LIVE,LIVE,unchanged,,
SALE-0174,Sales Tracking → Team,Roster,Booked,LIVE,LIVE,unchanged,,
SALE-0175,Sales Tracking → Team,Roster,Shown,LIVE,LIVE,unchanged,,
SALE-0176,Sales Tracking → Team,Roster,Closes,LIVE,LIVE,correctness-fix,Phase 1/2,
SALE-0177,Sales Tracking → Team,Roster,Cash,LIVE,LIVE,unchanged,,
SALE-0178,Sales Tracking → Team,Roster,Close %,LIVE,LIVE,unchanged,,
SALE-0179,Sales Tracking → Team,Roster,Status,PLACEHOLDER,PLACEHOLDER,unchanged,,
SALE-0180,Sales Tracking → Team,Access,Pending access requests,LIVE,LIVE,unchanged,,
SALE-0181,Sales Tracking → Team,Access,Recent access changes,LIVE,LIVE,unchanged,,
SALE-0182,Sales Tracking → Team Calendars,Summary tiles,Calls Today/Week/Month/Year,LIVE,LIVE,unchanged,,
SALE-0183,Sales Tracking → Team Calendars,Summary tiles,Pre-Call Ready,LIVE,LIVE,unchanged,,
SALE-0184,Sales Tracking → Team Calendars,Summary tiles,Video Not Watched,LIVE,LIVE,unchanged,,
SALE-0185,Sales Tracking → Team Calendars,Summary tiles,Open Slots,LIVE,LIVE,correctness-fix,Phase 1/2,
SALE-0186,Sales Tracking → Team Calendars,Status legend,Confirmed,LIVE,LIVE,unchanged,,
SALE-0187,Sales Tracking → Team Calendars,Status legend,Awaiting confirmation,LIVE,LIVE,unchanged,,
SALE-0188,Sales Tracking → Team Calendars,Status legend,Confirmation overdue,LIVE,LIVE,unchanged,,
SALE-0189,Sales Tracking → Team Calendars,Status legend,At risk,LIVE,LIVE,unchanged,,
SALE-0190,Sales Tracking → Team Calendars,Status legend,Cancelled,LIVE,LIVE,unchanged,,
SALE-0191,Sales Tracking → Team Calendars,Status legend,Rescheduled,LIVE,LIVE,unchanged,,
SALE-0192,Sales Tracking → Team Calendars,Pre-call sequence,Not sent,LIVE,LIVE,unchanged,,
SALE-0193,Sales Tracking → Team Calendars,Pre-call sequence,Sent no response,LIVE,LIVE,unchanged,,
SALE-0194,Sales Tracking → Team Calendars,Pre-call sequence,Responded,LIVE,LIVE,unchanged,,
SALE-0195,Sales Tracking → Hiring,Stat row,Total applicants,LIVE,LIVE,unchanged,,
SALE-0196,Sales Tracking → Hiring,Stat row,Interview/Trial,LIVE,LIVE,unchanged,,
SALE-0197,Sales Tracking → Hiring,Stat row,Hired,LIVE,LIVE,unchanged,,
SALE-0198,Sales Tracking → Hiring,Stat row,Avg AI score,LIVE,LIVE,unchanged,,
SALE-0199,Sales Tracking → Hiring,Per-role tab,{Role}s in pipeline,LIVE,LIVE,unchanged,,
SALE-0200,Sales Tracking → Hiring,Per-role tab,Hired,LIVE,LIVE,unchanged,,
SALE-0201,Sales Tracking → Hiring,Per-role tab,Avg transcript-quality score,LIVE,LIVE,unchanged,,
SALE-0202,Sales Tracking → Hiring,Kanban,Applied,LIVE,LIVE,unchanged,,
SALE-0203,Sales Tracking → Hiring,Kanban,Needs Grading,LIVE,LIVE,unchanged,,
SALE-0204,Sales Tracking → Hiring,Kanban,Interview Worthy,LIVE,LIVE,unchanged,,
SALE-0205,Sales Tracking → Hiring,Kanban,Trial Call,LIVE,LIVE,unchanged,,
SALE-0206,Sales Tracking → Hiring,Kanban,Offer Sent,LIVE,LIVE,unchanged,,
SALE-0207,Sales Tracking → Hiring,Kanban,Hired,LIVE,LIVE,unchanged,,
SALE-0208,Sales Tracking → Hiring,Kanban,Rejected,LIVE,LIVE,unchanged,,
SALE-0209,Sales Tracking → Hiring,AI evaluation,Transcript quality,PARTIALLY CONNECTED,PARTIALLY CONNECTED,unchanged,,
SALE-0210,Sales Tracking → Hiring,AI evaluation,Flags,LIVE,LIVE,unchanged,,
SALE-0211,Sales Tracking → Hiring,AI evaluation,Reasoning,PARTIALLY CONNECTED,PARTIALLY CONNECTED,unchanged,,
SALE-0212,Sales Tracking -> Attribution,Overview,Total Leads,LIVE,LIVE,unchanged,,
SALE-0213,Sales Tracking -> Attribution,Overview,Booked Calls,LIVE,LIVE,unchanged,,
SALE-0214,Sales Tracking -> Attribution,Overview,Shows,LIVE,LIVE,unchanged,,
SALE-0215,Sales Tracking -> Attribution,Overview,Closes,LIVE,LIVE,unchanged,,
SALE-0216,Sales Tracking -> Attribution,Overview,Revenue Generated,LIVE,LIVE,unchanged,,
SALE-0217,Sales Tracking -> Attribution,Overview,Cash Collected,LIVE,LIVE,unchanged,,
SALE-0218,Sales Tracking -> Attribution,Overview,Attributed Cash,LIVE,LIVE,unchanged,,
SALE-0219,Sales Tracking -> Attribution,Overview,Unattributed Cash,LIVE,LIVE,unchanged,,
SALE-0220,Sales Tracking -> Attribution,Overview,Organic Cash,LIVE,LIVE,unchanged,,
SALE-0221,Sales Tracking -> Attribution,Overview,Paid Cash,LIVE,LIVE,unchanged,,
SALE-0222,Sales Tracking -> Attribution,Overview,Referral Cash,LIVE,LIVE,unchanged,,
SALE-0223,Sales Tracking -> Attribution,Attribution Flow (Sankey),Cash Collected,LIVE,LIVE,unchanged,,
SALE-0224,Sales Tracking -> Attribution,Attribution Flow (Sankey),per-platform/rep/closer flow,LIVE,LIVE,unchanged,,
SALE-0225,Sales Tracking -> Attribution,Top Customer Journeys,Platform,LIVE,LIVE,unchanged,,
SALE-0226,Sales Tracking -> Attribution,Top Customer Journeys,Acquisition Source,LIVE,LIVE,unchanged,,
SALE-0227,Sales Tracking -> Attribution,Top Customer Journeys,Rep,LIVE,LIVE,unchanged,,
SALE-0228,Sales Tracking -> Attribution,Top Customer Journeys,Closer,LIVE,LIVE,unchanged,,
SALE-0229,Sales Tracking -> Attribution,Top Customer Journeys,Offer,LIVE,LIVE,unchanged,,
SALE-0230,Sales Tracking -> Attribution,Top Customer Journeys,Calls,LIVE,LIVE,unchanged,,
SALE-0231,Sales Tracking -> Attribution,Top Customer Journeys,Revenue,LIVE,LIVE,unchanged,,
SALE-0232,Sales Tracking -> Attribution,Top Customer Journeys,Cash,LIVE,LIVE,unchanged,,
SALE-0233,Sales Tracking -> Attribution,Top Customer Journeys,Collection Rate,LIVE,LIVE,unchanged,,
SALE-0234,Sales Tracking -> Attribution,Detailed Records,Content,LIVE,LIVE,unchanged,,
SALE-0235,Sales Tracking -> Attribution,Detailed Records,Platform,LIVE,LIVE,unchanged,,
SALE-0236,Sales Tracking -> Attribution,Detailed Records,Rep,LIVE,LIVE,unchanged,,
SALE-0237,Sales Tracking -> Attribution,Detailed Records,Closer,LIVE,LIVE,unchanged,,
SALE-0238,Sales Tracking -> Attribution,Detailed Records,Cash,LIVE,LIVE,unchanged,,
SALE-0239,Sales Tracking -> Attribution,Detailed Records,Coverage,LIVE,LIVE,unchanged,,
SALE-0240,Sales Tracking -> Attribution,Detailed Records,Strength,LIVE,LIVE,unchanged,,
SALE-0241,Sales Tracking -> Attribution,Evidence panel,touchpoints,LIVE,LIVE,unchanged,,
SALE-0242,Sales Tracking -> Attribution,Evidence panel,supporting events,LIVE,LIVE,unchanged,,
SALE-0243,Sales Tracking -> Attribution,Evidence panel,Model,LIVE,LIVE,unchanged,,
SALE-0244,Sales Tracking -> Attribution,Evidence panel,Sample,LIVE,LIVE,unchanged,,
SALE-0245,Sales Tracking -> Attribution,Evidence panel,Drill-down,LIVE,LIVE,unchanged,,
SALE-0246,Sales Tracking -> Traffic,Overview,Leads tracked,LIVE,LIVE,unchanged,,
SALE-0247,Sales Tracking -> Traffic,Overview,Qualified leads,LIVE,LIVE,unchanged,,
SALE-0248,Sales Tracking -> Traffic,Overview,Bookings -> shows -> closes,LIVE,LIVE,unchanged,,
SALE-0249,Sales Tracking -> Traffic,Overview,Cash collected,LIVE,LIVE,unchanged,,
SALE-0250,Sales Tracking -> Traffic,Platform mix,Share of leads by platform,LIVE,LIVE,unchanged,,
SALE-0251,Sales Tracking -> Traffic,Per-platform tiles,Leads,LIVE,LIVE,unchanged,,
SALE-0252,Sales Tracking -> Traffic,Per-platform tiles,Qualified,LIVE,LIVE,unchanged,,
SALE-0253,Sales Tracking -> Traffic,Per-platform tiles,Booked,LIVE,LIVE,unchanged,,
SALE-0254,Sales Tracking -> Traffic,Per-platform tiles,Showed,LIVE,LIVE,unchanged,,
SALE-0255,Sales Tracking -> Traffic,Per-platform tiles,Closed,LIVE,LIVE,unchanged,,
SALE-0256,Sales Tracking -> Traffic,Per-platform tiles,Cash,LIVE,LIVE,unchanged,,
SALE-0257,Sales Tracking -> Traffic,Per-platform tiles,Revenue,LIVE,LIVE,unchanged,,
SALE-0258,Sales Tracking -> Traffic,Funnel stage,TOF,LIVE,LIVE,unchanged,,
SALE-0259,Sales Tracking -> Traffic,Funnel stage,MOF,LIVE,LIVE,unchanged,,
SALE-0260,Sales Tracking -> Traffic,Funnel stage,BOF,LIVE,LIVE,unchanged,,
SALE-0261,Sales Tracking -> Traffic,Comparison table,Leads,LIVE,LIVE,unchanged,,
SALE-0262,Sales Tracking -> Traffic,Comparison table,Qualified,LIVE,LIVE,unchanged,,
SALE-0263,Sales Tracking -> Traffic,Comparison table,Bookings,LIVE,LIVE,unchanged,,
SALE-0264,Sales Tracking -> Traffic,Comparison table,Shows,LIVE,LIVE,unchanged,,
SALE-0265,Sales Tracking -> Traffic,Comparison table,Closes,LIVE,LIVE,unchanged,,
SALE-0266,Sales Tracking -> Traffic,Comparison table,Contracted,LIVE,LIVE,unchanged,,
SALE-0267,Sales Tracking -> Traffic,Comparison table,Cash collected,LIVE,LIVE,unchanged,,
SALE-0268,Sales Tracking → Reps → DM Setter,Targets,Outbound DMs,LIVE,LIVE,unchanged,,
SALE-0269,Sales Tracking → Reps → DM Setter,Targets,Inbound DMs,LIVE,LIVE,unchanged,,
SALE-0270,Sales Tracking → Reps → DM Setter,Targets,Replies,LIVE,LIVE,unchanged,,
SALE-0271,Sales Tracking → Reps → DM Setter,Targets,Qualified Conversations,LIVE,LIVE,unchanged,,
SALE-0272,Sales Tracking → Reps → DM Setter,Targets,Calls Booked,LIVE,LIVE,unchanged,,
SALE-0273,Sales Tracking → Reps → DM Setter,Targets,Showed Calls,LIVE,LIVE,unchanged,,
SALE-0274,Sales Tracking → Reps → DM Setter,Key Metrics,Cash Collected,LIVE,LIVE,correctness-fix,Phase 1/2,
SALE-0275,Sales Tracking → Reps → DM Setter,Key Metrics,Revenue Generated,LIVE,LIVE,correctness-fix,Phase 1/2,
SALE-0276,Sales Tracking → Reps → DM Setter,Key Metrics,Leads Contacted,LIVE,LIVE,unchanged,,
SALE-0277,Sales Tracking → Reps → DM Setter,Key Metrics,Qualified Convos,LIVE,LIVE,unchanged,,
SALE-0278,Sales Tracking → Reps → DM Setter,Key Metrics,Sets,LIVE,LIVE,unchanged,,
SALE-0279,Sales Tracking → Reps → DM Setter,Key Metrics,Inbound DMs Sent,LIVE,LIVE,unchanged,,
SALE-0280,Sales Tracking → Reps → DM Setter,Key Metrics,Outbound DMs Sent,LIVE,LIVE,unchanged,,
SALE-0281,Sales Tracking → Reps → DM Setter,Key Metrics,Follow-ups Sent,LIVE,LIVE,unchanged,,
SALE-0282,Sales Tracking → Reps → DM Setter,Key Metrics,Calls Booked,LIVE,LIVE,unchanged,,
SALE-0283,Sales Tracking → Reps → DM Setter,Key Metrics,Showed,LIVE,LIVE,unchanged,,
SALE-0284,Sales Tracking → Reps → DM Setter,Key Metrics,Closes,LIVE,LIVE,unchanged,,
SALE-0285,Sales Tracking → Reps → DM Setter,Key Metrics,Disqualified Leads,LIVE,LIVE,unchanged,,
SALE-0286,Sales Tracking → Reps → DM Setter,Key Metrics,Downsells,LIVE,LIVE,unchanged,,
SALE-0287,Sales Tracking → Reps → DM Setter,DM Assets,Links Sent,LIVE,LIVE,unchanged,,
SALE-0288,Sales Tracking → Reps → DM Setter,DM Assets,Links Clicked,LIVE,LIVE,unchanged,,
SALE-0289,Sales Tracking → Reps → DM Setter,DM Assets,Post-booking Visits,LIVE,LIVE,unchanged,,
SALE-0290,Sales Tracking → Reps → DM Setter,DM Assets,Pre-call Watches,LIVE,LIVE,unchanged,,
SALE-0291,Sales Tracking → Reps → DM Setter,Funnels,Inbound Leads → Qualified Convos → Sets; Calls on Calendar → Showed → Closes,LIVE,LIVE,unchanged,,
SALE-0292,Sales Tracking → Reps → DM Setter,Money,Cash Collected vs Revenue Generated,LIVE,LIVE,unchanged,,
SALE-0293,Sales Tracking → Reps → DM Setter,Money,Cash collected rate,LIVE,LIVE,unchanged,,
SALE-0294,Sales Tracking → Reps → DM Setter,Money,Payout owed,LIVE,LIVE,unchanged,,
SALE-0295,Sales Tracking → Reps → DM Setter,Rate charts,Qualified Convo Rate,LIVE,LIVE,unchanged,,
SALE-0296,Sales Tracking → Reps → DM Setter,Rate charts,Set Rate,LIVE,LIVE,unchanged,,
SALE-0297,Sales Tracking → Reps → DM Setter,Rate charts,Show Rate,LIVE,LIVE,unchanged,,
SALE-0298,Sales Tracking → Reps → DM Setter,Rate charts,Close Rate,LIVE,LIVE,unchanged,,
SALE-0299,Sales Tracking → Reps → DM Setter,Reply performance,Replies,LIVE,LIVE,unchanged,,
SALE-0300,Sales Tracking → Reps → DM Setter,Reply performance,Reply Rate,LIVE,LIVE,unchanged,,
SALE-0301,Sales Tracking → Reps → DM Setter,Reply performance,Positive-Intent Replies,NOT AVAILABLE,NOT AVAILABLE,unchanged,,
SALE-0302,Sales Tracking → Reps → DM Setter,Workflow panel,Inbound DMs,PLACEHOLDER,LIVE,status-changed,Phase 1/2/2b,
SALE-0303,Sales Tracking → Reps → DM Setter,Workflow panel,Qualified convos,LIVE,LIVE,unchanged,,
SALE-0304,Sales Tracking → Reps → DM Setter,Workflow panel,Sets,LIVE,LIVE,unchanged,,
SALE-0305,Sales Tracking → Reps → DM Setter,Workflow panel,Booked calls,LIVE,LIVE,unchanged,,
SALE-0306,Sales Tracking → Reps → DM Setter,Workflow panel,Closes,LIVE,LIVE,unchanged,,
SALE-0307,Sales Tracking → Reps → DM Setter,Workflow panel,Cash,LIVE,LIVE,unchanged,,
SALE-0308,Sales Tracking → Reps → DM Setter,DM Source Mix,Platform,NEEDS INTEGRATION,LIVE,status-changed,Phase 1/2/2b,
SALE-0309,Sales Tracking → Reps → DM Setter,DM Source Mix,Conversations,NEEDS INTEGRATION,LIVE,status-changed,Phase 1/2/2b,
SALE-0310,Sales Tracking → Reps → DM Setter,DM Source Mix,Qualified,NEEDS INTEGRATION,LIVE,status-changed,Phase 1/2/2b,
SALE-0311,Sales Tracking → Reps → DM Setter,DM Source Mix,Booked,NEEDS INTEGRATION,LIVE,status-changed,Phase 1/2/2b,
SALE-0312,Sales Tracking → Reps → DM Setter,DM Source Mix,Shows,NEEDS INTEGRATION,LIVE,status-changed,Phase 1/2/2b,
SALE-0313,Sales Tracking → Reps → DM Setter,DM Source Mix,Closes,NEEDS INTEGRATION,LIVE,status-changed,Phase 1/2/2b,
SALE-0314,Sales Tracking → Reps → Inbound Dialer,Targets,Dial Attempts,LIVE,LIVE,unchanged,,
SALE-0315,Sales Tracking → Reps → Inbound Dialer,Targets,Connections,LIVE,LIVE,unchanged,,
SALE-0316,Sales Tracking → Reps → Inbound Dialer,Targets,Leads Contacted,LIVE,LIVE,unchanged,,
SALE-0317,Sales Tracking → Reps → Inbound Dialer,Targets,Qualified Conversations,LIVE,LIVE,unchanged,,
SALE-0318,Sales Tracking → Reps → Inbound Dialer,Targets,Calls Booked,LIVE,LIVE,unchanged,,
SALE-0319,Sales Tracking → Reps → Inbound Dialer,Targets,Showed Calls,LIVE,LIVE,unchanged,,
SALE-0320,Sales Tracking → Reps → Inbound Dialer,Targets,Speed-to-Lead SLA Compliance,NOT AVAILABLE,LIVE,status-changed,Phase 1/2/2b,
SALE-0321,Sales Tracking → Reps → Inbound Dialer,Key Metrics,Cash Collected,LIVE,LIVE,correctness-fix,Phase 1/2,
SALE-0322,Sales Tracking → Reps → Inbound Dialer,Key Metrics,Revenue Generated,LIVE,LIVE,correctness-fix,Phase 1/2,
SALE-0323,Sales Tracking → Reps → Inbound Dialer,Key Metrics,Dials,LIVE,LIVE,unchanged,,
SALE-0324,Sales Tracking → Reps → Inbound Dialer,Key Metrics,Connections,LIVE,LIVE,unchanged,,
SALE-0325,Sales Tracking → Reps → Inbound Dialer,Key Metrics,Qualified Convos,LIVE,LIVE,unchanged,,
SALE-0326,Sales Tracking → Reps → Inbound Dialer,Key Metrics,Sets,LIVE,LIVE,unchanged,,
SALE-0327,Sales Tracking → Reps → Inbound Dialer,Key Metrics,Calls Booked,LIVE,LIVE,unchanged,,
SALE-0328,Sales Tracking → Reps → Inbound Dialer,Key Metrics,Showed,LIVE,LIVE,unchanged,,
SALE-0329,Sales Tracking → Reps → Inbound Dialer,Key Metrics,Closes,LIVE,LIVE,unchanged,,
SALE-0330,Sales Tracking → Reps → Inbound Dialer,Key Metrics,Disqualified Leads,LIVE,LIVE,unchanged,,
SALE-0331,Sales Tracking → Reps → Inbound Dialer,Key Metrics,Average Call Length,PARTIALLY CONNECTED,BLOCKED,status-changed,Phase 2 Task 1 / Phase 4,
SALE-0332,Sales Tracking → Reps → Inbound Dialer,Key Metrics,Average Talk Time,PARTIALLY CONNECTED,BLOCKED,status-changed,Phase 2 Task 1 / Phase 4,
SALE-0333,Sales Tracking → Reps → Inbound Dialer,Key Metrics,Downsells,LIVE,LIVE,unchanged,,
SALE-0334,Sales Tracking → Reps → Inbound Dialer,Rate charts,Pickup Rate,LIVE,LIVE,unchanged,,
SALE-0335,Sales Tracking → Reps → Inbound Dialer,Rate charts,Qualified Convo Rate,LIVE,LIVE,unchanged,,
SALE-0336,Sales Tracking → Reps → Inbound Dialer,Rate charts,Set Rate,LIVE,LIVE,unchanged,,
SALE-0337,Sales Tracking → Reps → Inbound Dialer,Rate charts,Show Rate,LIVE,LIVE,unchanged,,
SALE-0338,Sales Tracking → Reps → Inbound Dialer,Rate charts,Close Rate,LIVE,LIVE,unchanged,,
SALE-0339,Sales Tracking → Reps → Inbound Dialer,Speed to Lead,Median Response,LIVE,LIVE,unchanged,,
SALE-0340,Sales Tracking → Reps → Inbound Dialer,Speed to Lead,SLA Compliance,LIVE,LIVE,unchanged,,
SALE-0341,Sales Tracking → Reps → Inbound Dialer,Speed to Lead,Within/Outside SLA,LIVE,LIVE,unchanged,,
SALE-0342,Sales Tracking → Reps → Inbound Dialer,Speed to Lead,response-time buckets (<1min…>1hr),LIVE,LIVE,unchanged,,
SALE-0343,Sales Tracking → Reps → Inbound Dialer,Speed to Lead,per-segment: Connection rate,LIVE,LIVE,unchanged,,
SALE-0344,Sales Tracking → Reps → Inbound Dialer,Speed to Lead,Qualified convo rate,LIVE,LIVE,unchanged,,
SALE-0345,Sales Tracking → Reps → Inbound Dialer,Speed to Lead,Set rate,LIVE,LIVE,unchanged,,
SALE-0346,Sales Tracking → Reps → Inbound Dialer,Speed to Lead,Booked-call rate,LIVE,LIVE,unchanged,,
SALE-0347,Sales Tracking → Reps → Inbound Dialer,Speed to Lead,Show rate,LIVE,LIVE,unchanged,,
SALE-0348,Sales Tracking → Reps → Inbound Dialer,Speed to Lead,Close rate,LIVE,LIVE,unchanged,,
SALE-0349,Sales Tracking → Reps → Inbound Dialer,Active leads to dial,per-tier counts,LIVE,LIVE,unchanged,,
SALE-0350,Sales Tracking → Reps → Inbound Dialer,Workflow panel,Inbound leads,PLACEHOLDER,LIVE,status-changed,Phase 1/2/2b,
SALE-0351,Sales Tracking → Reps → Inbound Dialer,Workflow panel,Qualified convos,LIVE,LIVE,unchanged,,
SALE-0352,Sales Tracking → Reps → Inbound Dialer,Workflow panel,Sets,LIVE,LIVE,unchanged,,
SALE-0353,Sales Tracking → Reps → Inbound Dialer,Workflow panel,Booked calls,LIVE,LIVE,unchanged,,
SALE-0354,Sales Tracking → Reps → Inbound Dialer,Workflow panel,Closes,LIVE,LIVE,unchanged,,
SALE-0355,Sales Tracking → Reps → Inbound Dialer,Workflow panel,Cash,LIVE,LIVE,unchanged,,
SALE-0356,Sales Tracking → Reps → Inbound Dialer,Inbound Lead Sources,Leads,LIVE,LIVE,unchanged,,
SALE-0357,Sales Tracking → Reps → Inbound Dialer,Inbound Lead Sources,Qualified,LIVE,LIVE,unchanged,,
SALE-0358,Sales Tracking → Reps → Inbound Dialer,Inbound Lead Sources,Booked,LIVE,LIVE,unchanged,,
SALE-0359,Sales Tracking → Reps → Inbound Dialer,Inbound Lead Sources,Shows,LIVE,LIVE,unchanged,,
SALE-0360,Sales Tracking → Reps → Inbound Dialer,Inbound Lead Sources,Closes,LIVE,LIVE,unchanged,,
SALE-0361,Sales Tracking → Reps → Inbound Dialer,Inbound Lead Sources,Callbacks Requested,LIVE,LIVE,unchanged,,
SALE-0362,Sales Tracking → Reps → Inbound Dialer,Inbound Lead Sources,Due Today,LIVE,LIVE,unchanged,,
SALE-0363,Sales Tracking → Reps → Inbound Dialer,Inbound Lead Sources,Completed Today,LIVE,LIVE,unchanged,,
SALE-0364,Sales Tracking → Reps → Inbound Dialer,Inbound Lead Sources,Cancel Rate,LIVE,LIVE,unchanged,,
SALE-0365,Sales Tracking → Reps → Inbound Dialer,Inbound Lead Sources,No-show Rate,LIVE,LIVE,unchanged,,
SALE-0366,Sales Tracking → Reps → Inbound Dialer,Inbound Lead Sources,No-show Recovery,LIVE,LIVE,unchanged,,
SALE-0367,Sales Tracking → Reps → Closer,Targets,Shows,LIVE,LIVE,unchanged,,
SALE-0368,Sales Tracking → Reps → Closer,Targets,Offers Made,LIVE,LIVE,unchanged,,
SALE-0369,Sales Tracking → Reps → Closer,Targets,Closes,LIVE,LIVE,correctness-fix,Phase 1/2,
SALE-0370,Sales Tracking → Reps → Closer,Targets,Close Rate,LIVE,LIVE,unchanged,,
SALE-0371,Sales Tracking → Reps → Closer,Targets,Cash Collected,LIVE,LIVE,unchanged,,
SALE-0372,Sales Tracking → Reps → Closer,Targets,Contracted Revenue,LIVE,LIVE,unchanged,,
SALE-0373,Sales Tracking → Reps → Closer,Targets,Follow-ups Logged,LIVE,LIVE,unchanged,,
SALE-0374,Sales Tracking → Reps → Closer,Money & closing,Cash Collected,LIVE,LIVE,correctness-fix,Phase 1/2,
SALE-0375,Sales Tracking → Reps → Closer,Money & closing,Revenue Generated,LIVE,LIVE,correctness-fix,Phase 1/2,
SALE-0376,Sales Tracking → Reps → Closer,Money & closing,Cash Collection Rate,LIVE,LIVE,unchanged,,
SALE-0377,Sales Tracking → Reps → Closer,Money & closing,Avg Contract Value,LIVE,LIVE,unchanged,,
SALE-0378,Sales Tracking → Reps → Closer,Money & closing,Closes,LIVE,LIVE,correctness-fix,Phase 1/2,
SALE-0379,Sales Tracking → Reps → Closer,Money & closing,Disqualified Leads,LIVE,LIVE,unchanged,,
SALE-0380,Sales Tracking → Reps → Closer,Money & closing,Calls Booked,LIVE,LIVE,unchanged,,
SALE-0381,Sales Tracking → Reps → Closer,Money & closing,Showed,LIVE,LIVE,unchanged,,
SALE-0382,Sales Tracking → Reps → Closer,Money & closing,Offers Made,LIVE,LIVE,unchanged,,
SALE-0383,Sales Tracking → Reps → Closer,Rate charts,Show Rate,LIVE,LIVE,unchanged,,
SALE-0384,Sales Tracking → Reps → Closer,Rate charts,Offer Rate,LIVE,LIVE,unchanged,,
SALE-0385,Sales Tracking → Reps → Closer,Rate charts,Close Rate,LIVE,LIVE,correctness-fix,Phase 1/2,
SALE-0386,Sales Tracking → Reps → Closer,Rate charts,Offer → Close Rate,LIVE,LIVE,unchanged,,
SALE-0387,Sales Tracking → Reps → Closer,Payment quality,Avg Cash/Booked,LIVE,LIVE,unchanged,,
SALE-0388,Sales Tracking → Reps → Closer,Payment quality,Avg Cash/Showed,LIVE,LIVE,unchanged,,
SALE-0389,Sales Tracking → Reps → Closer,Payment quality,Avg Cash/Closed,LIVE,LIVE,unchanged,,
SALE-0390,Sales Tracking → Reps → Closer,Payment quality,Deposits,LIVE,LIVE,unchanged,,
SALE-0391,Sales Tracking → Reps → Closer,Payment quality,Deposit Amount,LIVE,LIVE,unchanged,,
SALE-0392,Sales Tracking → Reps → Closer,Payment quality,Deposit → Close,LIVE,LIVE,unchanged,,
SALE-0393,Sales Tracking → Reps → Closer,Payment quality,Avg Deposit %,LIVE,LIVE,unchanged,,
SALE-0394,Sales Tracking → Reps → Closer,Payment quality,Payment Plan Uptake,NEEDS INTEGRATION,LIVE,status-changed,Phase 1/2/2b,New records only — historical calls before the fix can't be backfilled (never inferred).
SALE-0395,Sales Tracking → Reps → Closer,Payment quality,Payment Success Rate,NOT AVAILABLE,NEEDS SCHEMA/JOIN FIX,status-changed,Phase 4 (payments.call_id gap),
SALE-0396,Sales Tracking → Reps → Closer,Payment quality,Failed/Default Rate,NOT AVAILABLE,NEEDS SCHEMA/JOIN FIX,status-changed,Phase 4 (payments.call_id gap),
SALE-0397,Sales Tracking → Reps → Closer,Payment quality,Failed Payments,NOT AVAILABLE,NEEDS SCHEMA/JOIN FIX,status-changed,Phase 4 (payments.call_id gap),
SALE-0398,Sales Tracking → Reps → Closer,Payment quality,Recovered Failed Payments,NOT AVAILABLE,NEEDS SCHEMA/JOIN FIX,status-changed,Phase 4 (payments.call_id gap),
SALE-0399,Sales Tracking → Reps → Closer,Payment quality,Deposit → Full Payment,NOT AVAILABLE,NEEDS SCHEMA/JOIN FIX,status-changed,Phase 4 (payments.call_id gap),
SALE-0400,Sales Tracking → Reps → Closer,Payment quality,Future Scheduled Cash,PLACEHOLDER,NEEDS SCHEMA/JOIN FIX,status-changed,Phase 4 (payments.call_id gap),
SALE-0401,Sales Tracking → Reps → Closer,Payment quality,Downsells,LIVE,LIVE,unchanged,,
SALE-0402,Sales Tracking → Reps → Closer,No-show recovery,No-shows in range,LIVE,LIVE,unchanged,,
SALE-0403,Sales Tracking → Reps → Closer,No-show recovery,No-shows Rebooked,LIVE,LIVE,unchanged,,
SALE-0404,Sales Tracking → Reps → Closer,No-show recovery,Recovered Show Rate,LIVE,LIVE,unchanged,,
SALE-0405,Sales Tracking → Reps → Closer,No-show recovery,Recovered Close Rate,LIVE,LIVE,unchanged,,
SALE-0406,Sales Tracking → Reps → Closer,Call quality,Average Call Duration,LIVE,LIVE,unchanged,,
SALE-0407,Sales Tracking → Reps → Closer,Call quality,Average Talk Time,LIVE,LIVE,unchanged,,
SALE-0408,Sales Tracking → Reps → Closer,Call quality,Talk/Listen Ratio,LIVE,LIVE,unchanged,,
SALE-0409,Sales Tracking → Reps → Closer,Call quality,Calls Reviewed,LIVE,LIVE,unchanged,,
SALE-0410,Sales Tracking → Reps → Closer,Pipeline,Deals Expected to Close,LIVE,LIVE,unchanged,,
SALE-0411,Sales Tracking → Reps → Closer,Pipeline,Active Follow-ups,LIVE,LIVE,unchanged,,
SALE-0412,Sales Tracking → Reps → Closer,Pipeline,Overdue Follow-ups,LIVE,LIVE,unchanged,,
SALE-0413,Sales Tracking → Reps → Closer,Disposition mix,Booked,LIVE,LIVE,unchanged,,
SALE-0414,Sales Tracking → Reps → Closer,Disposition mix,Showed,LIVE,LIVE,unchanged,,
SALE-0415,Sales Tracking → Reps → Closer,Disposition mix,No Show,LIVE,LIVE,unchanged,,
SALE-0416,Sales Tracking → Reps → Closer,Disposition mix,Offer Made,LIVE,LIVE,unchanged,,
SALE-0417,Sales Tracking → Reps → Closer,Disposition mix,Closed Won,LIVE,LIVE,correctness-fix,Phase 1/2,
SALE-0418,Sales Tracking → Reps → Closer,Disposition mix,DQ,LIVE,LIVE,unchanged,,
SALE-0419,Sales Tracking → Reps → Closer,Disposition mix,Follow Up,LIVE,LIVE,unchanged,,
SALE-0420,Sales Tracking → Reps → Closer,Disposition mix,Rescheduled (canonical); Closed,LIVE,LIVE,unchanged,,
SALE-0421,Sales Tracking → Reps → Closer,Disposition mix,Follow-up,LIVE,LIVE,unchanged,,
SALE-0422,Sales Tracking → Reps → Closer,Disposition mix,Nurture,LIVE,LIVE,unchanged,,
SALE-0423,Sales Tracking → Reps → Closer,Disposition mix,No Decision,LIVE,LIVE,unchanged,,
SALE-0424,Sales Tracking → Reps → Closer,Disposition mix,Price,LIVE,LIVE,unchanged,,
SALE-0425,Sales Tracking → Reps → Closer,Disposition mix,Timing,LIVE,LIVE,unchanged,,
SALE-0426,Sales Tracking → Reps → Closer,Disposition mix,Partner/Spouse,LIVE,LIVE,unchanged,,
SALE-0427,Sales Tracking → Reps → Closer,Disposition mix,Upsell,LIVE,LIVE,unchanged,,
SALE-0428,Sales Tracking → Reps → Closer,Disposition mix,Unqualified,LIVE,LIVE,unchanged,,
SALE-0429,Sales Tracking → Reps → Closer,Disposition mix,Competitor (closer-logged),LIVE,LIVE,unchanged,,
SALE-0430,Sales Tracking → Reps → Closer,Revenue Source Mix,Shows,LIVE,LIVE,unchanged,,
SALE-0431,Sales Tracking → Reps → Closer,Revenue Source Mix,Qualified Opps,LIVE,LIVE,unchanged,,
SALE-0432,Sales Tracking → Reps → Closer,Revenue Source Mix,Offers,LIVE,LIVE,unchanged,,
SALE-0433,Sales Tracking → Reps → Closer,Revenue Source Mix,Closes,LIVE,LIVE,correctness-fix,Phase 1/2,
SALE-0434,Sales Tracking → Reps → Closer,Revenue Source Mix,Close Rate,LIVE,LIVE,unchanged,,
SALE-0435,Sales Tracking → Reps → Closer,Revenue Source Mix,Contracted Revenue,LIVE,LIVE,unchanged,,
SALE-0436,Sales Tracking → Reps → Closer,Revenue Source Mix,Cash Collected,LIVE,LIVE,unchanged,,
SALE-0437,Sales Tracking → Reps → Closer,Revenue Source Mix,Collection Rate,LIVE,LIVE,unchanged,,
SALE-0438,Sales Tracking → Reps → Closer,Revenue Source Mix,Refund/Default Rate,NOT AVAILABLE,NOT AVAILABLE,unchanged,,
CONT-0439,ContentOS -> Content,Top KPI row,Total views,LIVE,LIVE,correctness-fix,Phase 1/2,
CONT-0440,ContentOS -> Content,Top KPI row,Total reach,LIVE,LIVE,correctness-fix,Phase 1/2,
CONT-0441,ContentOS -> Content,Top KPI row,Engagement rate,LIVE,LIVE,correctness-fix,Phase 1/2,
CONT-0442,ContentOS -> Content,Top KPI row,Avg views / post,LIVE,LIVE,correctness-fix,Phase 1/2,
CONT-0443,ContentOS -> Content,Top KPI row,Followers gained,LIVE,LIVE,unchanged,,
CONT-0444,ContentOS -> Content,Top KPI row,Cash attributed,PLACEHOLDER,PLACEHOLDER,unchanged,,
CONT-0445,ContentOS -> Content,Canonical Content -> Cash,verified paths,LIVE,LIVE,unchanged,,
CONT-0446,ContentOS -> Content,Canonical Content -> Cash,Content,LIVE,LIVE,unchanged,,
CONT-0447,ContentOS -> Content,Canonical Content -> Cash,Platform,LIVE,LIVE,unchanged,,
CONT-0448,ContentOS -> Content,Canonical Content -> Cash,Lead,LIVE,LIVE,unchanged,,
CONT-0449,ContentOS -> Content,Canonical Content -> Cash,Booking,NOT AVAILABLE,LIVE,status-changed,Phase 1/2/2b,
CONT-0450,ContentOS -> Content,Canonical Content -> Cash,Call,LIVE,LIVE,unchanged,,
CONT-0451,ContentOS -> Content,Canonical Content -> Cash,Payment,NOT AVAILABLE,NEEDS SCHEMA/JOIN FIX,status-changed,Phase 4 (payments.call_id gap),
CONT-0452,ContentOS -> Content,Canonical Content -> Cash,Evidence,LIVE,LIVE,unchanged,,
CONT-0453,ContentOS -> Content,Content performance chart,Views,LIVE,LIVE,correctness-fix,Phase 1/2,
CONT-0454,ContentOS -> Content,Content performance chart,Reach,LIVE,LIVE,correctness-fix,Phase 1/2,
CONT-0455,ContentOS -> Content,Content performance chart,Interactions,LIVE,LIVE,correctness-fix,Phase 1/2,
CONT-0456,ContentOS -> Content,Format mix chart,Views by content type,LIVE,LIVE,correctness-fix,Phase 1/2,
CONT-0457,ContentOS -> Content,Post-level performance,Views,LIVE,LIVE,correctness-fix,Phase 1/2,
CONT-0458,ContentOS -> Content,Post-level performance,Reach,LIVE,LIVE,correctness-fix,Phase 1/2,
CONT-0459,ContentOS -> Content,Post-level performance,Engagement,LIVE,LIVE,correctness-fix,Phase 1/2,
CONT-0460,ContentOS -> Content,Post-level performance,Watch/retention,LIVE,LIVE,correctness-fix,Phase 1/2,
CONT-0461,ContentOS -> Content,Post-level performance,Replay,LIVE,LIVE,correctness-fix,Phase 1/2,
CONT-0462,ContentOS -> Content,Post-level performance,Cash,PLACEHOLDER,PLACEHOLDER,unchanged,,
CONT-0463,ContentOS -> Content,Content Signals panel,Root cause (Signal/Evidence/Root cause/Implication/Action),LIVE,LIVE,unchanged,,
CONT-0464,ContentOS -> Content,Content Signals panel,Recommended Mix — Educational,LIVE,LIVE,unchanged,,
CONT-0465,ContentOS -> Content,Content Signals panel,Recommended Mix — Credibility,LIVE,LIVE,unchanged,,
CONT-0466,ContentOS -> Content,Content Signals panel,Recommended Mix — Authoritative,LIVE,LIVE,unchanged,,
CONT-0467,ContentOS -> Content,Content Signals panel,Recommended Mix — Relatability (target reels/gap/weight per mechanism),LIVE,LIVE,unchanged,,
CONT-0468,ContentOS -> Content,Content Signals panel,Weekly Check — Reels posted,LIVE,LIVE,unchanged,,
CONT-0469,ContentOS -> Content,Content Signals panel,Weekly Check — categories covered,LIVE,LIVE,unchanged,,
CONT-0470,ContentOS -> Content,Content Signals panel,Untagged pieces,LIVE,LIVE,unchanged,,
CONT-0471,ContentOS -> Content,Content Signals panel,Best/worst mechanism (top/worst mechanism),LIVE,LIVE,unchanged,,
CONT-0472,ContentOS -> Content,Content Signals panel,Drivers Log,LIVE,LIVE,unchanged,,
CONT-0473,ContentOS -> Content,Content Signals panel,AI Bottleneck Read — Finding,PARTIALLY CONNECTED,PARTIALLY CONNECTED,unchanged,,
CONT-0474,ContentOS -> Content,Content Signals panel,AI Bottleneck Read — Evidence,PARTIALLY CONNECTED,PARTIALLY CONNECTED,unchanged,,
CONT-0475,ContentOS -> Content,Content Signals panel,AI Bottleneck Read — Why it matters,PARTIALLY CONNECTED,PARTIALLY CONNECTED,unchanged,,
CONT-0476,ContentOS -> Content,Content Signals panel,AI Bottleneck Read — Recommended action,PARTIALLY CONNECTED,PARTIALLY CONNECTED,unchanged,,
CONT-0477,ContentOS -> Content,Content Signals panel,AI Bottleneck Read — Confidence,PARTIALLY CONNECTED,PARTIALLY CONNECTED,unchanged,,
CONT-0478,ContentOS -> Content,Content Signals panel,AI Bottleneck Read — Sample size,PARTIALLY CONNECTED,PARTIALLY CONNECTED,unchanged,,
CONT-0479,ContentOS -> Content,Content Signals panel,Setter Signals — Beliefs,LIVE,LIVE,unchanged,,
CONT-0480,ContentOS -> Content,Content Signals panel,Setter Signals — Objections,LIVE,LIVE,unchanged,,
CONT-0481,ContentOS -> Content,Availability tiles,Audience snapshot,NOT AVAILABLE,NOT AVAILABLE,unchanged,,
CONT-0482,ContentOS -> Content,Availability tiles,Stories (slide views),LIVE,LIVE,unchanged,,
CONT-0483,ContentOS -> Content,Availability tiles,Retention,LIVE,LIVE,unchanged,,
CONT-0484,ContentOS -> Content,Availability tiles,Replay depth,LIVE,LIVE,unchanged,,
CONT-0485,ContentOS -> Content,Table view columns,Title,LIVE,LIVE,unchanged,,
CONT-0486,ContentOS -> Content,Table view columns,Platform,LIVE,LIVE,unchanged,,
CONT-0487,ContentOS -> Content,Table view columns,Angle,LIVE,LIVE,unchanged,,
CONT-0488,ContentOS -> Content,Table view columns,Funnel,LIVE,LIVE,unchanged,,
CONT-0489,ContentOS -> Content,Table view columns,Link,LIVE,LIVE,unchanged,,
CONT-0490,ContentOS -> Content,Table view columns,Views,LIVE,LIVE,unchanged,,
CONT-0491,ContentOS -> Content,Table view columns,Leads,LIVE,LIVE,unchanged,,
CONT-0492,ContentOS -> Content,Table view columns,Closes,PLACEHOLDER,PLACEHOLDER,unchanged,,
CONT-0493,ContentOS -> Content,Table view columns,Cash,PLACEHOLDER,PLACEHOLDER,unchanged,,
CONT-0494,ContentOS -> Content,Table view columns,Retention,LIVE,LIVE,unchanged,,
CONT-0495,ContentOS -> Content,Log content dialog fields,Views,LIVE,LIVE,unchanged,,
CONT-0496,ContentOS -> Content,Log content dialog fields,Reach,LIVE,LIVE,unchanged,,
CONT-0497,ContentOS -> Content,Log content dialog fields,Leads,LIVE,LIVE,unchanged,,
CONT-0498,ContentOS -> Content,Log content dialog fields,Hook retention %,LIVE,LIVE,unchanged,,
CONT-0499,ContentOS -> Content,Log content dialog fields,Avg watch %,LIVE,LIVE,unchanged,,
CONT-0500,ContentOS -> Content,Log content dialog fields,Watch time,LIVE,LIVE,unchanged,,
CONT-0501,ContentOS -> Content,Log content dialog fields,3 sec hold %,LIVE,LIVE,unchanged,,
CONT-0502,ContentOS -> Content,Log content dialog fields,10 sec retention %,LIVE,LIVE,unchanged,,
CONT-0503,ContentOS -> Content,Log content dialog fields,Drop-off seconds/%,LIVE,LIVE,unchanged,,
CONT-0504,ContentOS -> Content,Log content dialog fields,Likes,LIVE,LIVE,unchanged,,
CONT-0505,ContentOS -> Content,Log content dialog fields,Comments,LIVE,LIVE,unchanged,,
CONT-0506,ContentOS -> Content,Log content dialog fields,Shares,LIVE,LIVE,unchanged,,
CONT-0507,ContentOS -> Content,Log content dialog fields,Saves,LIVE,LIVE,unchanged,,
CONT-0508,ContentOS -> Content,Log content dialog fields,Follower views,LIVE,LIVE,unchanged,,
CONT-0509,ContentOS -> Content,Log content dialog fields,Non-follower views,LIVE,LIVE,unchanged,,
CONT-0510,ContentOS -> Content,Log content dialog fields,Followers gained,LIVE,LIVE,unchanged,,
CONT-0511,ContentOS -> Content,Log content dialog fields,Profile visits,LIVE,LIVE,unchanged,,
CONT-0512,ContentOS -> Content,Log content dialog fields,DMs generated,LIVE,LIVE,unchanged,,
CONT-0513,ContentOS -> Content,Log content dialog fields,Calls booked,LIVE,LIVE,unchanged,,
CONT-0514,ContentOS -> Content,Log content dialog fields,Engagement rate %,LIVE,LIVE,unchanged,,
CONT-0515,ContentOS -> Content,Log content dialog fields,CTA conversion %,LIVE,LIVE,unchanged,,
CONT-0516,ContentOS -> Content,Slides panel,Views,LIVE,LIVE,unchanged,,
CONT-0517,ContentOS -> Content,Slides panel,Exits per slide,LIVE,LIVE,unchanged,,
CONT-0518,ContentOS -> Content,Overview dialog,Views,LIVE,LIVE,unchanged,,
CONT-0519,ContentOS -> Content,Overview dialog,Leads,LIVE,LIVE,unchanged,,
CONT-0520,ContentOS -> Content,Overview dialog,Closes,PLACEHOLDER,PLACEHOLDER,unchanged,,
CONT-0521,ContentOS -> Content,Overview dialog,Cash,PLACEHOLDER,PLACEHOLDER,unchanged,,
CONT-0522,ContentOS -> Content,Overview dialog,Retention,LIVE,LIVE,unchanged,,
CONT-0523,ContentOS -> Content,Overview dialog,Likes,LIVE,LIVE,unchanged,,
CONT-0524,ContentOS -> Content,Overview dialog,Comments,LIVE,LIVE,unchanged,,
CONT-0525,ContentOS -> Content,Overview dialog,Shares,LIVE,LIVE,unchanged,,
CONT-0526,ContentOS -> Content,Overview dialog,Saves,LIVE,LIVE,unchanged,,
CONT-0527,ContentOS -> Content,Overview dialog,Follower views,LIVE,LIVE,unchanged,,
CONT-0528,ContentOS -> Content,Overview dialog,Non-follower views,LIVE,LIVE,unchanged,,
CONT-0529,ContentOS -> Content,Overview dialog,Engagement rate,LIVE,LIVE,unchanged,,
CONT-0530,ContentOS -> Content,Overview dialog,Drop-off rate,LIVE,LIVE,unchanged,,
CONT-0531,ContentOS -> Content Calendar,Hero,Scheduled this month,LIVE,LIVE,unchanged,,
CONT-0532,ContentOS -> Content Calendar,Hero,Ready to post,LIVE,LIVE,unchanged,,
CONT-0533,ContentOS -> Content Calendar,Hero,Already posted,LIVE,LIVE,unchanged,,
CONT-0534,ContentOS -> Content Calendar,Hero,Long-form Queued,LIVE,LIVE,unchanged,,
CONT-0535,ContentOS -> Content Calendar,Format legend,Short-form,LIVE,LIVE,unchanged,,
CONT-0536,ContentOS -> Content Calendar,Format legend,Long-form,LIVE,LIVE,unchanged,,
CONT-0537,ContentOS -> Content Calendar,Format legend,Long-form -> clips,LIVE,LIVE,unchanged,,
CONT-0538,ContentOS -> Content Calendar,Format legend,Story sequence,LIVE,LIVE,unchanged,,
CONT-0539,ContentOS -> Content Calendar,Format legend,Carousel,LIVE,LIVE,unchanged,,
CONT-0540,ContentOS -> Content Calendar,Format legend,Email/SMS,LIVE,LIVE,unchanged,,
CONT-0541,ContentOS -> Content Calendar,Content Pipeline (admin),Draft,LIVE,LIVE,unchanged,,
CONT-0542,ContentOS -> Content Calendar,Content Pipeline (admin),In Review,LIVE,LIVE,unchanged,,
CONT-0543,ContentOS -> Content Calendar,Content Pipeline (admin),Approved,LIVE,LIVE,unchanged,,
CONT-0544,ContentOS -> Content Calendar,Content Pipeline (admin),Ready to Post,LIVE,LIVE,unchanged,,
CONT-0545,ContentOS -> Content Calendar,Content Pipeline (admin),Posted (per-stage counts),LIVE,LIVE,unchanged,,
CONT-0546,ContentOS -> Sequences,7-day templates,Flexible/Any Sequence,LIVE,LIVE,unchanged,,
CONT-0547,ContentOS -> Sequences,7-day templates,Story Poll Sequence #1,LIVE,LIVE,unchanged,,
CONT-0548,ContentOS -> Sequences,7-day templates,Wins Nurturing Sequence,LIVE,LIVE,unchanged,,
CONT-0549,ContentOS -> Sequences,7-day templates,YouTube Vid Sequence,LIVE,LIVE,unchanged,,
CONT-0550,ContentOS -> Sequences,7-day templates,Story Poll Sequence #2,LIVE,LIVE,unchanged,,
CONT-0551,ContentOS -> Sequences,7-day templates,Instagram Story Funnel,LIVE,LIVE,unchanged,,
CONT-0552,ContentOS -> Sequences,7-day templates,Personal Story Sequence,LIVE,LIVE,unchanged,,
CONT-0553,ContentOS -> Sequences,Saved sequences,status (draft/ready/posted),LIVE,LIVE,unchanged,,
CONT-0554,ContentOS -> Sequences,Saved sequences,slide count,LIVE,LIVE,unchanged,,
COPY-0555,CopyOS -> Client DNA,Positioning snapshot,Profile completeness,LIVE,LIVE,unchanged,,
COPY-0556,CopyOS -> Client DNA,Positioning snapshot,Reach by channel (Instagram/TikTok/YouTube),LIVE,LIVE,unchanged,,
COPY-0557,CopyOS -> Client DNA,Positioning snapshot,Total reach,LIVE,LIVE,unchanged,,
COPY-0558,CopyOS -> Client DNA,Positioning snapshot,Business stage,LIVE,LIVE,unchanged,,
COPY-0559,CopyOS -> Client DNA,Positioning snapshot,Proof assets logged,LIVE,LIVE,unchanged,,
COPY-0560,CopyOS -> Client DNA,Profile,Age,LIVE,LIVE,unchanged,,
COPY-0561,CopyOS -> Client DNA,Profile,Niche,LIVE,LIVE,unchanged,,
COPY-0562,CopyOS -> Client DNA,Profile,Location,LIVE,LIVE,unchanged,,
COPY-0563,CopyOS -> Client DNA,Profile,Monthly revenue,LIVE,LIVE,unchanged,,
COPY-0564,CopyOS -> Client DNA,Profile,Offer price,LIVE,LIVE,unchanged,,
COPY-0565,CopyOS -> Client DNA,Profile,Content pillars,LIVE,LIVE,unchanged,,
COPY-0566,CopyOS -> Client DNA,Profile,Proof/receipts,LIVE,LIVE,unchanged,,
COPY-0567,CopyOS -> Client DNA,Profile,90-day goals,LIVE,LIVE,unchanged,,
COPY-0568,CopyOS -> Client DNA,Profile,Dream outcome,LIVE,LIVE,unchanged,,
COPY-0569,CopyOS -> Client DNA,Offer Configuration,Ticket tiers,LIVE,LIVE,unchanged,,
COPY-0570,CopyOS -> Client DNA,Offer Configuration,Offers (price),LIVE,LIVE,unchanged,,
COPY-0571,CopyOS -> Client DNA,Offer Configuration,pricing type,LIVE,LIVE,unchanged,,
COPY-0572,CopyOS -> Client DNA,Offer Configuration,active/inactive,LIVE,LIVE,unchanged,,
COPY-0573,CopyOS -> Client DNA,Offer Configuration,Payment plans (cadence),LIVE,LIVE,unchanged,,
COPY-0574,CopyOS -> Client DNA,Offer Configuration,deposit,LIVE,LIVE,unchanged,,
COPY-0575,CopyOS -> Client DNA,Offer Configuration,installment,LIVE,LIVE,unchanged,,
COPY-0576,CopyOS -> Client DNA,Offer Configuration,# installments,LIVE,LIVE,unchanged,,
COPY-0577,CopyOS -> Client DNA,Offer Configuration,total contracted value,LIVE,LIVE,correctness-fix,Phase 1/2,
COPY-0578,CopyOS -> Client DNA,Offer Configuration,Classification rules (threshold -> tier),LIVE,LIVE,unchanged,,
FULF-0579,Fulfillment → Onboarding,Stat row,Total intakes,LIVE,LIVE,correctness-fix,Phase 1/2,
FULF-0580,Fulfillment → Onboarding,Stat row,Submitted,LIVE,LIVE,correctness-fix,Phase 1/2,
FULF-0581,Fulfillment → Onboarding,Stat row,Pending,LIVE,LIVE,correctness-fix,Phase 1/2,
FULF-0582,Fulfillment → Onboarding,Stat row,Insight signals,LIVE,LIVE,correctness-fix,Phase 1/2,
FULF-0583,Fulfillment → Onboarding,Mechanism tags,Educational,LIVE,LIVE,unchanged,,
FULF-0584,Fulfillment → Onboarding,Mechanism tags,Credibility,LIVE,LIVE,unchanged,,
FULF-0585,Fulfillment → Onboarding,Mechanism tags,Authoritative,LIVE,LIVE,unchanged,,
FULF-0586,Fulfillment → Onboarding,Mechanism tags,Relatability,LIVE,LIVE,unchanged,,
FULF-0587,Fulfillment → Onboarding,Mechanism tags,Untagged,LIVE,LIVE,unchanged,,
FULF-0588,Fulfillment → Onboarding,Intake fields (32 real — not 28),first content touchpoint,LIVE,LIVE,unchanged,,
FULF-0589,Fulfillment → Onboarding,Intake fields (32 real — not 28),decision moment,LIVE,LIVE,unchanged,,
FULF-0590,Fulfillment → Onboarding,Intake fields (32 real — not 28),hesitations,LIVE,LIVE,unchanged,,
FULF-0591,Fulfillment → Onboarding,Intake fields (32 real — not 28),"""30 days sooner""",LIVE,LIVE,unchanged,,
FULF-0592,Fulfillment → Onboarding,Intake fields (32 real — not 28),why chose us,LIVE,LIVE,unchanged,,
FULF-0593,Fulfillment → Onboarding,Intake fields (32 real — not 28),#1 problem,LIVE,LIVE,unchanged,,
FULF-0594,Fulfillment → Onboarding,Intake fields (32 real — not 28),12-month identity,LIVE,LIVE,unchanged,,
FULF-0595,Fulfillment → Onboarding,Intake fields (32 real — not 28),tried-before,LIVE,LIVE,unchanged,,
FULF-0596,Fulfillment → Onboarding,Intake fields (32 real — not 28),biggest fear,LIVE,LIVE,unchanged,,
FULF-0597,Fulfillment → Onboarding,Intake fields (32 real — not 28),belief shift,LIVE,LIVE,unchanged,,
FULF-0598,Fulfillment → Onboarding,Intake fields (32 real — not 28),best content type,LIVE,LIVE,unchanged,,
FULF-0599,Fulfillment → Onboarding,Intake fields (32 real — not 28),experience level,LIVE,LIVE,unchanged,,
FULF-0600,Fulfillment → Onboarding,Intake fields (32 real — not 28),current monthly revenue,LIVE,LIVE,unchanged,,
FULF-0601,Fulfillment → Onboarding,Intake fields (32 real — not 28),target revenue (90d),LIVE,LIVE,unchanged,,
FULF-0602,Fulfillment → Onboarding,Intake fields (32 real — not 28),single-outcome goal,LIVE,LIVE,unchanged,,
FULF-0603,Fulfillment → Onboarding,Intake fields (32 real — not 28),30/60/90 success measure,LIVE,LIVE,unchanged,,
FULF-0604,Fulfillment → Onboarding,Intake fields (32 real — not 28),current offer,LIVE,LIVE,unchanged,,
FULF-0605,Fulfillment → Onboarding,Intake fields (32 real — not 28),audience size/platform,LIVE,LIVE,unchanged,,
FULF-0606,Fulfillment → Onboarding,Intake fields (32 real — not 28),funnel walkthrough,LIVE,LIVE,unchanged,,
FULF-0607,Fulfillment → Onboarding,Intake fields (32 real — not 28),biggest bottleneck,LIVE,LIVE,unchanged,,
FULF-0608,Fulfillment → Onboarding,Intake fields (32 real — not 28),team composition,LIVE,LIVE,unchanged,,
FULF-0609,Fulfillment → Onboarding,Intake fields (32 real — not 28),tools used,LIVE,LIVE,unchanged,,
FULF-0610,Fulfillment → Onboarding,Intake fields (32 real — not 28),hours/week,LIVE,LIVE,unchanged,,
FULF-0611,Fulfillment → Onboarding,Intake fields (32 real — not 28),learning style,LIVE,LIVE,unchanged,,
FULF-0612,Fulfillment → Onboarding,Intake fields (32 real — not 28),accountability preference,LIVE,LIVE,unchanged,,
FULF-0613,Fulfillment → Onboarding,Intake fields (32 real — not 28),personal factors,LIVE,LIVE,unchanged,,
FULF-0614,Fulfillment → Onboarding,Intake fields (32 real — not 28),what's working,LIVE,LIVE,unchanged,,
FULF-0615,Fulfillment → Onboarding,Intake fields (32 real — not 28),non-negotiables,LIVE,LIVE,unchanged,,
FULF-0616,Fulfillment → Onboarding,Intake fields (32 real — not 28),time zone,LIVE,LIVE,unchanged,,
FULF-0617,Fulfillment → Onboarding,Intake fields (32 real — not 28),best contact method,LIVE,LIVE,unchanged,,
FULF-0618,Fulfillment → Onboarding,Intake fields (32 real — not 28),start date,LIVE,LIVE,unchanged,,
FULF-0619,Fulfillment → Onboarding,Pattern analysis,Bottlenecks across N intakes,LIVE,LIVE,unchanged,,
FULF-0620,Fulfillment → Onboarding,Pattern analysis,Double down across N intakes,LIVE,LIVE,unchanged,,
FULF-0621,Fulfillment → Onboarding,Themes tab,Pain points,LIVE,LIVE,unchanged,,
FULF-0622,Fulfillment → Onboarding,Themes tab,Pivotal moments,LIVE,LIVE,unchanged,,
FULF-0623,Fulfillment → Onboarding,Themes tab,Objections,LIVE,LIVE,unchanged,,
FULF-0624,Fulfillment → Onboarding,Themes tab,Desired identity,LIVE,LIVE,unchanged,,
FULF-0625,Fulfillment,Mentee summary,Pre-close summary,LIVE,LIVE,unchanged,,
FULF-0626,Fulfillment,Mentee summary,Stated pain,LIVE,LIVE,unchanged,,
FULF-0627,Fulfillment,Mentee summary,Desired identity,LIVE,LIVE,unchanged,,
FULF-0628,Fulfillment,Mentee summary,What they've tried,LIVE,LIVE,unchanged,,
FULF-0629,Fulfillment,Mentee summary,Biggest fear,LIVE,LIVE,unchanged,,
FULF-0630,Fulfillment,Mentee summary,Pivotal moment,LIVE,LIVE,unchanged,,
FULF-0631,Fulfillment,Mentee summary,Belief that shifted,LIVE,LIVE,unchanged,,
FULF-0632,Fulfillment,Mentee summary,Progress checkpoints,LIVE,LIVE,unchanged,,
FULF-0633,Fulfillment,Daily Wins panel,Logs,LIVE,LIVE,unchanged,,
FULF-0634,Fulfillment,Daily Wins panel,Financial wins,LIVE,LIVE,unchanged,,
FULF-0635,Fulfillment,Daily Wins panel,Cash logged,LIVE,LIVE,unchanged,,
FULF-0636,Fulfillment,Daily Wins panel,Commitments kept,LIVE,LIVE,unchanged,,
FULF-0637,Fulfillment,Daily Wins panel,Avg energy,LIVE,LIVE,unchanged,,
FULF-0638,Fulfillment,Daily Wins panel,Save-call triggers,LIVE,LIVE,unchanged,,
FULF-0639,Fulfillment,Daily Wins panel,AI coach read,LIVE,LIVE,unchanged,,
FULF-0640,Fulfillment,Log a Daily W dialog,Win type,LIVE,LIVE,unchanged,,
FULF-0641,Fulfillment,Log a Daily W dialog,Win description,LIVE,LIVE,unchanged,,
FULF-0642,Fulfillment,Log a Daily W dialog,Amount,LIVE,LIVE,unchanged,,
FULF-0643,Fulfillment,Log a Daily W dialog,Energy (1-10),LIVE,LIVE,unchanged,,
FULF-0644,Fulfillment,Log a Daily W dialog,Biggest blocker,LIVE,LIVE,unchanged,,
FULF-0645,Fulfillment,Log a Daily W dialog,Tomorrow's #1 needle-mover,LIVE,LIVE,unchanged,,
FULF-0646,Fulfillment → Payments,This Range,Total collected,LIVE,LIVE,unchanged,,
FULF-0647,Fulfillment → Payments,This Range,Total contracted,LIVE,LIVE,unchanged,,
FULF-0648,Fulfillment → Payments,This Range,Total outstanding,LIVE,LIVE,unchanged,,
FULF-0649,Fulfillment → Payments,This Range,Failed & at-risk,LIVE,LIVE,unchanged,,
FULF-0650,Fulfillment → Payments,Ledger columns,Client,LIVE,LIVE,unchanged,,
FULF-0651,Fulfillment → Payments,Ledger columns,Date,LIVE,LIVE,unchanged,,
FULF-0652,Fulfillment → Payments,Ledger columns,Amount,LIVE,LIVE,unchanged,,
FULF-0653,Fulfillment → Payments,Ledger columns,Status,LIVE,LIVE,unchanged,,
FULF-0654,Fulfillment → Payments,Ledger columns,Processor,PARTIALLY CONNECTED,PARTIALLY CONNECTED,unchanged,,
FULF-0655,Fulfillment → Payments,Ledger columns,Type,LIVE,LIVE,unchanged,,
FULF-0656,Fulfillment → Payments,Ledger columns,Tier,PARTIALLY CONNECTED,PARTIALLY CONNECTED,unchanged,,
FULF-0657,Fulfillment → Payments,Ledger columns,Plan,LIVE,LIVE,unchanged,,
FULF-0658,Fulfillment → Payments,Payment Operations — Recovery queue,Failed Payment Today (bucket),LIVE,LIVE,unchanged,,
FULF-0659,Fulfillment → Payments,Payment Operations — Recovery queue,Retry Pending (bucket),PARTIALLY CONNECTED,PARTIALLY CONNECTED,unchanged,,
FULF-0660,Fulfillment → Payments,Payment Operations — Recovery queue,Due Next 3 Days (bucket),LIVE,LIVE,unchanged,,
FULF-0661,Fulfillment → Payments,Payment Operations — Recovery queue,Overdue 1-7/8-30/30+ (buckets),LIVE,LIVE,unchanged,,
FULF-0662,Fulfillment → Payments,Payment Operations — Recovery queue,Promise-to-Pay Due Today (bucket),PARTIALLY CONNECTED,PARTIALLY CONNECTED,unchanged,,
FULF-0663,Fulfillment → Payments,Payment Operations — Recovery queue,High-Value Outstanding (bucket),LIVE,LIVE,unchanged,,
FULF-0664,Fulfillment → Payments,Payment Operations — Recovery queue,Offer,LIVE,LIVE,unchanged,,
FULF-0665,Fulfillment → Payments,Payment Operations — Recovery queue,Amount,LIVE,LIVE,unchanged,,
FULF-0666,Fulfillment → Payments,Payment Operations — Recovery queue,Due,LIVE,LIVE,unchanged,,
FULF-0667,Fulfillment → Payments,Payment Operations — Recovery queue,Status,PARTIALLY CONNECTED,PARTIALLY CONNECTED,unchanged,,
FULF-0668,Fulfillment → Payments,Payment Operations — Recovery queue,Last action,LIVE,LIVE,unchanged,,
FULF-0669,Fulfillment → Payments,Expected Cash,Expected vs Actual collections (chart),LIVE,LIVE,unchanged,,
FULF-0670,Fulfillment → Payments,Payment Breakdown,Collected by processor,PARTIALLY CONNECTED,PARTIALLY CONNECTED,unchanged,,
FULF-0671,Fulfillment → Payments,Payment Breakdown,Collected by payment type,PARTIALLY CONNECTED,PARTIALLY CONNECTED,unchanged,,
FULF-0672,Fulfillment → Payments,Payment Breakdown,High vs low ticket,PARTIALLY CONNECTED,PARTIALLY CONNECTED,unchanged,,
FULF-0673,Fulfillment → Payments,Payment Breakdown,PIF vs payment plan vs low-ticket MRR,LIVE,LIVE,unchanged,,
FULF-0674,Fulfillment → Payments,Renewal Operations — Kanban,Not Started,LIVE,LIVE,unchanged,,
FULF-0675,Fulfillment → Payments,Renewal Operations — Kanban,Outreach Started,LIVE,LIVE,unchanged,,
FULF-0676,Fulfillment → Payments,Renewal Operations — Kanban,Renewal Action/Next Step,LIVE,LIVE,unchanged,,
FULF-0677,Fulfillment → Payments,Renewal Operations — Kanban,Proposal/Payment Link Sent,LIVE,LIVE,unchanged,,
FULF-0678,Fulfillment → Payments,Renewal Operations — Kanban,Renewed,LIVE,LIVE,unchanged,,
FULF-0679,Fulfillment → Payments,Renewal Operations — Kanban,Churned,LIVE,LIVE,unchanged,,
FULF-0680,Fulfillment → Payments,Renewal workflow,Stage,LIVE,LIVE,unchanged,,
FULF-0681,Fulfillment → Payments,Renewal workflow,Owner,PARTIALLY CONNECTED,LIVE,status-changed,Phase 1/2/2b,
FULF-0682,Fulfillment → Payments,Renewal workflow,Action date,PARTIALLY CONNECTED,LIVE,status-changed,Phase 1/2/2b,
FULF-0683,Fulfillment → Payments,Comms panel,Payment due,LIVE,LIVE,unchanged,,
FULF-0684,Fulfillment → Payments,Comms panel,Renewal due,LIVE,LIVE,unchanged,,
FULF-0685,Fulfillment → Payments,Comms panel,Pending triggers,LIVE,LIVE,unchanged,,
FULF-0686,Fulfillment → Payments,Comms panel,Queue,PARTIALLY CONNECTED,PARTIALLY CONNECTED,unchanged,,
FULF-0687,Fulfillment → Payments,Portfolio,value,LIVE,LIVE,unchanged,,
FULF-0688,Fulfillment → Payments,Portfolio,active,LIVE,LIVE,unchanged,,
FULF-0689,Fulfillment → Payments,Portfolio,renewals <Nd,LIVE,LIVE,unchanged,,
FULF-0690,Fulfillment → Payments,Portfolio,at-risk,LIVE,LIVE,unchanged,,
FULF-0691,Fulfillment → Payments,All mentees table,Contract,LIVE,LIVE,unchanged,,
FULF-0692,Fulfillment → Payments,All mentees table,Balance,LIVE,LIVE,unchanged,,
FULF-0693,Fulfillment → Payments,All mentees table,Plan progress,LIVE,LIVE,unchanged,,
FULF-0694,Fulfillment → Payments,All mentees table,Payment status,LIVE,LIVE,unchanged,,
FULF-0695,Fulfillment → Payments,All mentees table,Days overdue,LIVE,LIVE,unchanged,,
FULF-0696,Fulfillment → Payments,All mentees table,Cadence,PARTIALLY CONNECTED,PARTIALLY CONNECTED,unchanged,,
FULF-0697,Fulfillment → Payments,All mentees table,Next payment,LIVE,LIVE,unchanged,,
FULF-0698,Fulfillment → Payments,All mentees table,Last payment,LIVE,LIVE,unchanged,,
FULF-0699,Fulfillment → Payments,All mentees table,Renewal,LIVE,LIVE,unchanged,,
FULF-0700,Fulfillment → Payments,All mentees table,Stage,LIVE,LIVE,unchanged,,
FULF-0701,Fulfillment → Payments,All mentees table,Owner/next step,PARTIALLY CONNECTED,PARTIALLY CONNECTED,unchanged,,
FULF-0702,Fulfillment → Payments,All mentees table,Health,LIVE,LIVE,unchanged,,
FULF-0703,Fulfillment → Payments,LTV by offer,Mentees,LIVE,LIVE,unchanged,,
FULF-0704,Fulfillment → Payments,LTV by offer,Contracted,LIVE,LIVE,unchanged,,
FULF-0705,Fulfillment → Payments,LTV by offer,Collected,LIVE,LIVE,unchanged,,
FULF-0706,Fulfillment → Payments,LTV by offer,Avg deal,LIVE,LIVE,unchanged,,
FULF-0707,Fulfillment → Payments,LTV by offer,% of revenue,LIVE,LIVE,unchanged,,
FULF-0708,Fulfillment → Payments,Retention analytics,Renewal rate,LIVE,LIVE,unchanged,,
FULF-0709,Fulfillment → Payments,Retention analytics,Renewal pipeline value,LIVE,LIVE,unchanged,,
FULF-0710,Fulfillment → Payments,Retention analytics,Churned value,LIVE,LIVE,unchanged,,
FULF-0711,Fulfillment → Payments,Retention analytics,Avg tenure at renewal decision,LIVE,LIVE,unchanged,,
FULF-0712,Fulfillment → Payments,Retention analytics,conversion by offer/health/plan type/acquisition source/closer,LIVE,LIVE,unchanged,,
FULF-0713,Fulfillment → Payments,Retention analytics,Churn reason breakdown,PARTIALLY CONNECTED,PARTIALLY CONNECTED,unchanged,,
FULF-0714,Fulfillment → Payments,Not connected (disclosed),Gross/Net Revenue Retention,NOT AVAILABLE,NOT AVAILABLE,unchanged,,
FULF-0715,Fulfillment → Payments,Not connected (disclosed),Save/Recovery Rate,NOT AVAILABLE,NOT AVAILABLE,unchanged,,
FULF-0716,Fulfillment → Payments,Not connected (disclosed),Default vs Cancellation Rate,NOT AVAILABLE,NOT AVAILABLE,unchanged,,
FULF-0717,Fulfillment → Payments,Not connected (disclosed),Avg Time to Pay in Full,NOT AVAILABLE,NOT AVAILABLE,unchanged,,
FULF-0718,Fulfillment → Payments,Lifecycle evidence,Original Source,PARTIALLY CONNECTED,PARTIALLY CONNECTED,unchanged,,
FULF-0719,Fulfillment → Payments,Lifecycle evidence,Setter/Dialer,PARTIALLY CONNECTED,PARTIALLY CONNECTED,unchanged,,
FULF-0720,Fulfillment → Payments,Lifecycle evidence,Closer,PARTIALLY CONNECTED,PARTIALLY CONNECTED,unchanged,,
FULF-0721,Fulfillment → Payments,Lifecycle evidence,Offer,LIVE,LIVE,unchanged,,
FULF-0722,Fulfillment → Payments,Lifecycle evidence,Payment Plan,LIVE,LIVE,unchanged,,
FULF-0723,Fulfillment → Payments,Lifecycle evidence,Cash,LIVE,LIVE,unchanged,,
FULF-0724,Fulfillment → Payments,Lifecycle evidence,Cash position,LIVE,LIVE,unchanged,,
FULF-0725,Fulfillment → Payments,Lifecycle evidence,per-installment status (Paid/Due today/Due soon/Scheduled/Overdue),LIVE,LIVE,unchanged,,
FULF-0726,Fulfillment → VSL Analytics,Per-tab (Main/Webinar/Post-booking/Testimonial),Total plays,PARTIALLY CONNECTED,PARTIALLY CONNECTED,unchanged,,Prompt 7 shipped a real automated ingest path (ingest.$token.ts vsl_metric_snapshot + n8n workflow) — code exists but is NOT YET ACTIVATED (needs real Wistia credentials + video ID list + a live run). Status stays PARTIAL until then.
FULF-0727,Fulfillment → VSL Analytics,Per-tab (Main/Webinar/Post-booking/Testimonial),Unique viewers,PARTIALLY CONNECTED,PARTIALLY CONNECTED,unchanged,,
FULF-0728,Fulfillment → VSL Analytics,Per-tab (Main/Webinar/Post-booking/Testimonial),Play rate,PARTIALLY CONNECTED,PARTIALLY CONNECTED,metadata-only,Phase 1/4 (Unit/Classification correction),
FULF-0729,Fulfillment → VSL Analytics,Per-tab (Main/Webinar/Post-booking/Testimonial),Avg % watched,PARTIALLY CONNECTED,PARTIALLY CONNECTED,metadata-only,Phase 1/4 (Unit/Classification correction),
FULF-0730,Fulfillment → VSL Analytics,Per-tab (Main/Webinar/Post-booking/Testimonial),Page loads,PARTIALLY CONNECTED,PARTIALLY CONNECTED,unchanged,,
FULF-0731,Fulfillment → VSL Analytics,AI Insights,Largest leak,LIVE,LIVE,unchanged,,
FULF-0732,Fulfillment → VSL Analytics,AI Insights,Bottlenecks,LIVE,LIVE,unchanged,,
FULF-0733,Fulfillment → VSL Analytics,AI Insights,Double down,LIVE,LIVE,unchanged,,
FULF-0734,Fulfillment → VSL Analytics,AI Insights,Drop-off moments,LIVE,LIVE,unchanged,,
FULF-0735,Fulfillment → VSL Analytics,Full funnel,Landing → play → milestones → completion → CTA → booking → show → close → cash,PARTIALLY CONNECTED,PARTIALLY CONNECTED,unchanged,,"Same automation as FULF-0726 (shares vsl_metric_snapshots) — code shipped, not yet activated."
FULF-0736,Fulfillment → VSL Analytics,FAQ Videos tab,Dominant Limiting Belief,PARTIALLY CONNECTED,PARTIALLY CONNECTED,unchanged,,
FULF-0737,Fulfillment → VSL Analytics,FAQ Videos tab,per-video clicks/plays/% watched,PARTIALLY CONNECTED,PARTIALLY CONNECTED,metadata-only,Phase 1/4 (Unit/Classification correction),
OPSW-0738,Ops → Webinar Analytics,Executive KPIs,Total Leads,NEEDS INTEGRATION,NEEDS INTEGRATION,unchanged,,
OPSW-0739,Ops → Webinar Analytics,Executive KPIs,Show-up Rate,NEEDS INTEGRATION,NEEDS INTEGRATION,unchanged,,
OPSW-0740,Ops → Webinar Analytics,Executive KPIs,Live at Pitch,NEEDS INTEGRATION,NEEDS INTEGRATION,unchanged,,
OPSW-0741,Ops → Webinar Analytics,Executive KPIs,Total Revenue,NEEDS INTEGRATION,NEEDS INTEGRATION,unchanged,,
OPSW-0742,Ops → Webinar Analytics,Executive KPIs,Cash Collected,NOT AVAILABLE,NOT AVAILABLE,unchanged,,
OPSW-0743,Ops → Webinar Analytics,Executive KPIs,Ad Cash Collected,NOT AVAILABLE,NOT AVAILABLE,unchanged,,
OPSW-0744,Ops → Webinar Analytics,Executive KPIs,Ad Total Revenue,NOT AVAILABLE,NOT AVAILABLE,unchanged,,
OPSW-0745,Ops → Webinar Analytics,Executive KPIs,Ad Spend,NEEDS INTEGRATION,NEEDS INTEGRATION,unchanged,,
OPSW-0746,Ops → Webinar Analytics,Executive KPIs,ROAS,NEEDS INTEGRATION,NEEDS INTEGRATION,correctness-fix-no-status-change,Phase 2 Task 7,"Correctness fix only (unified spend source) — still blocked on webinar ingestion, NOT promoted to LIVE."
OPSW-0747,Ops → Webinar Analytics,Acquisition efficiency,Lead Capture Investment,NEEDS INTEGRATION,NEEDS INTEGRATION,unchanged,,
OPSW-0748,Ops → Webinar Analytics,Acquisition efficiency,Impressions,NEEDS INTEGRATION,NEEDS INTEGRATION,unchanged,,
OPSW-0749,Ops → Webinar Analytics,Acquisition efficiency,Clicks,NEEDS INTEGRATION,NEEDS INTEGRATION,unchanged,,
OPSW-0750,Ops → Webinar Analytics,Acquisition efficiency,CTR,NEEDS INTEGRATION,NEEDS INTEGRATION,metadata-only,Phase 1/4 (Unit/Classification correction),
OPSW-0751,Ops → Webinar Analytics,Acquisition efficiency,CPC,NEEDS INTEGRATION,NEEDS INTEGRATION,metadata-only,Phase 1/4 (Unit/Classification correction),
OPSW-0752,Ops → Webinar Analytics,Acquisition efficiency,CPL,NEEDS INTEGRATION,NEEDS INTEGRATION,metadata-only,Phase 1/4 (Unit/Classification correction),
OPSW-0753,Ops → Webinar Analytics,Acquisition efficiency,CPA,NEEDS INTEGRATION,NEEDS INTEGRATION,metadata-only,Phase 1/4 (Unit/Classification correction),
OPSW-0754,Ops → Webinar Analytics,Acquisition efficiency,ROAS,NEEDS INTEGRATION,NEEDS INTEGRATION,correctness-fix-no-status-change,Phase 2 Task 7,"Correctness fix only (unified spend source) — still blocked on webinar ingestion, NOT promoted to LIVE."
OPSW-0755,Ops → Webinar Analytics,Paid vs organic,Total Leads,NEEDS INTEGRATION,NEEDS INTEGRATION,unchanged,,
OPSW-0756,Ops → Webinar Analytics,Paid vs organic,Paid Leads,NEEDS INTEGRATION,NEEDS INTEGRATION,unchanged,,
OPSW-0757,Ops → Webinar Analytics,Paid vs organic,Organic Leads,NEEDS INTEGRATION,NEEDS INTEGRATION,unchanged,,
OPSW-0758,Ops → Webinar Analytics,Paid vs organic,Cost per Paid Lead,NEEDS INTEGRATION,NEEDS INTEGRATION,unchanged,,
OPSW-0759,Ops → Webinar Analytics,Traffic analytics,Visitors,NEEDS INTEGRATION,NEEDS INTEGRATION,unchanged,,
OPSW-0760,Ops → Webinar Analytics,Traffic analytics,Sign up rate,NEEDS INTEGRATION,NEEDS INTEGRATION,unchanged,,
OPSW-0761,Ops → Webinar Analytics,Traffic analytics,Registrants,NEEDS INTEGRATION,NEEDS INTEGRATION,unchanged,,
OPSW-0762,Ops → Webinar Analytics,Traffic analytics,Show up rate,NEEDS INTEGRATION,NEEDS INTEGRATION,unchanged,,
OPSW-0763,Ops → Webinar Analytics,Traffic analytics,Live attendees,NEEDS INTEGRATION,NEEDS INTEGRATION,unchanged,,
OPSW-0764,Ops → Webinar Analytics,Traffic analytics,Replay share,NEEDS INTEGRATION,NEEDS INTEGRATION,unchanged,,
OPSW-0765,Ops → Webinar Analytics,Traffic analytics,Replay attendees,NOT AVAILABLE,NOT AVAILABLE,unchanged,,
OPSW-0766,Ops → Webinar Analytics,Key metrics,Live attendees,NEEDS INTEGRATION,NEEDS INTEGRATION,unchanged,,
OPSW-0767,Ops → Webinar Analytics,Key metrics,Session length,NOT AVAILABLE,NOT AVAILABLE,unchanged,,
OPSW-0768,Ops → Webinar Analytics,Key metrics,Avg time on live room,NOT AVAILABLE,NOT AVAILABLE,unchanged,,
OPSW-0769,Ops → Webinar Analytics,Key metrics,Saw full webinar,NEEDS INTEGRATION,NEEDS INTEGRATION,unchanged,,
OPSW-0770,Ops → Webinar Analytics,Key metrics,Sales,NEEDS INTEGRATION,NEEDS INTEGRATION,unchanged,,
OPSW-0771,Ops → Webinar Analytics,Key metrics,Revenue,NEEDS INTEGRATION,NEEDS INTEGRATION,unchanged,,
OPSW-0772,Ops → Webinar Analytics,Audience retention,Registered,NEEDS INTEGRATION,NEEDS INTEGRATION,unchanged,,
OPSW-0773,Ops → Webinar Analytics,Audience retention,Live attendees,NEEDS INTEGRATION,NEEDS INTEGRATION,unchanged,,
OPSW-0774,Ops → Webinar Analytics,Audience retention,At pitch,NEEDS INTEGRATION,NEEDS INTEGRATION,unchanged,,
OPSW-0775,Ops → Webinar Analytics,Audience retention,Retention,NEEDS INTEGRATION,NEEDS INTEGRATION,unchanged,,
OPSW-0776,Ops → Webinar Analytics,Closing & return,Deposits,NEEDS INTEGRATION,NEEDS INTEGRATION,metadata-only,Phase 1/4 (Unit/Classification correction),
OPSW-0777,Ops → Webinar Analytics,Closing & return,Sales,NEEDS INTEGRATION,NEEDS INTEGRATION,unchanged,,
OPSW-0778,Ops → Webinar Analytics,Closing & return,Contracted revenue,NEEDS INTEGRATION,NEEDS INTEGRATION,unchanged,,
OPSW-0779,Ops → Webinar Analytics,Closing & return,Core offer revenue,NEEDS INTEGRATION,NEEDS INTEGRATION,unchanged,,
OPSW-0780,Ops → Webinar Analytics,Closing & return,Refunds,NEEDS INTEGRATION,NEEDS INTEGRATION,metadata-only,Phase 1/4 (Unit/Classification correction),
OPSW-0781,Ops → Webinar Analytics,Closing & return,Order bump revenue,NEEDS INTEGRATION,NEEDS INTEGRATION,unchanged,,
OPSW-0782,Ops → Webinar Analytics,Closing & return,Upsell revenue,NEEDS INTEGRATION,NEEDS INTEGRATION,unchanged,,
OPSW-0783,Ops → Webinar Analytics,Closing & return,ROAS,NEEDS INTEGRATION,NEEDS INTEGRATION,unchanged,,
OPSW-0784,Ops → Webinar Analytics,Closing & return,Net profit,NEEDS INTEGRATION,NEEDS INTEGRATION,unchanged,,
OPSW-0785,Ops → Webinar Analytics,During/after pitch,During-pitch sales/revenue,NEEDS INTEGRATION,NEEDS INTEGRATION,unchanged,,
OPSW-0786,Ops → Webinar Analytics,During/after pitch,After-pitch sales/revenue,NEEDS INTEGRATION,NEEDS INTEGRATION,unchanged,,
OPSW-0787,Ops → Webinar Analytics,During/after pitch,After-pitch conversion,NEEDS INTEGRATION,NEEDS INTEGRATION,unchanged,,
OPSW-0788,Ops → Webinar Analytics,During/after pitch,Unclassified sales/revenue,NEEDS INTEGRATION,NEEDS INTEGRATION,unchanged,,
OPSW-0789,Ops → Webinar Analytics,Compare webinars table,Paid/Organic/Total leads,NEEDS INTEGRATION,NEEDS INTEGRATION,unchanged,,
OPSW-0790,Ops → Webinar Analytics,Compare webinars table,Capture conversion,NEEDS INTEGRATION,NEEDS INTEGRATION,unchanged,,
OPSW-0791,Ops → Webinar Analytics,Compare webinars table,Show-up rate,NEEDS INTEGRATION,NEEDS INTEGRATION,unchanged,,
OPSW-0792,Ops → Webinar Analytics,Compare webinars table,Live attendees,NEEDS INTEGRATION,NEEDS INTEGRATION,unchanged,,
OPSW-0793,Ops → Webinar Analytics,Compare webinars table,Pitch attendees,NEEDS INTEGRATION,NEEDS INTEGRATION,unchanged,,
OPSW-0794,Ops → Webinar Analytics,Compare webinars table,Deposits,NEEDS INTEGRATION,NEEDS INTEGRATION,unchanged,,
OPSW-0795,Ops → Webinar Analytics,Compare webinars table,Total sales,NEEDS INTEGRATION,NEEDS INTEGRATION,unchanged,,
OPSW-0796,Ops → Webinar Analytics,Compare webinars table,Revenue,NEEDS INTEGRATION,NEEDS INTEGRATION,unchanged,,
OPSW-0797,Ops → Webinar Analytics,Compare webinars table,ROAS,NEEDS INTEGRATION,NEEDS INTEGRATION,unchanged,,
